Detected,Restaurant,Park,Item,Category,Old Price,New Price,Change,Percent,Source
2026-09-04 17:23,"The BOATHOUSE®: Great Food, Waterfront Dining, Dream Boats™",Disney Springs,Coriander Seared Yellowfin Tuna*,Market Fresh Fish,41.00,44.50,3.50,8.5%,disney-springs/boathouse-restaurant
2026-09-04 17:23,Chef Art Smith's Homecomin',Disney Springs,Fish Sticks,Kids' Plates,10.00,13.00,3.00,30.0%,disney-springs/chef-art-smiths-homecomin
2026-09-04 17:23,Chef Art Smith's Homecomin',Disney Springs,Fried Chicken Tenders,Kids' Plates,10.00,13.00,3.00,30.0%,disney-springs/chef-art-smiths-homecomin
2026-09-04 17:23,Chef Art Smith's Homecomin',Disney Springs,Cheeseburger,Kids' Plates,10.00,13.00,3.00,30.0%,disney-springs/chef-art-smiths-homecomin
2026-09-08 17:46,Oga's Cantina,Disney's Hollywood Studios,Jabba Juice,Concoctions without Alcohol,17.50,8.00,-9.50,-54.3%,hollywood-studios/ogas-cantina
2026-09-10 22:17,YeSake Kiosk,Disney Springs,Taiyaki,Street Food Snacks,6.00,6.75,0.75,12.5%,disney-springs/yesake
2026-09-10 22:17,YeSake Kiosk,Disney Springs,YeSake's Favorite,Fresh Bowls,12.00,15.00,3.00,25.0%,disney-springs/yesake
2026-09-10 22:17,YeSake Kiosk,Disney Springs,Tofu Power Bowl,Fresh Bowls,13.00,14.00,1.00,7.7%,disney-springs/yesake
2026-09-10 22:17,YeSake Kiosk,Disney Springs,Ahi Tuna Poke,Fresh Bowls,14.00,15.00,1.00,7.1%,disney-springs/yesake
2026-09-10 22:17,YeSake Kiosk,Disney Springs,Fresh Ahi Tuna*,Build Your Own Poke Bowl,12.00,15.00,3.00,25.0%,disney-springs/yesake
2026-09-10 22:17,YeSake Kiosk,Disney Springs,Fresh Salmon,Build Your Own Poke Bowl,12.00,15.00,3.00,25.0%,disney-springs/yesake
2026-09-10 22:17,YeSake Kiosk,Disney Springs,Chicken Breast,Build Your Own Poke Bowl,12.00,15.00,3.00,25.0%,disney-springs/yesake
2026-09-10 22:17,YeSake Kiosk,Disney Springs,Sliced Beef,Build Your Own Poke Bowl,12.00,15.00,3.00,25.0%,disney-springs/yesake
2026-09-10 22:17,YeSake Kiosk,Disney Springs,Organic Tofu,Build Your Own Poke Bowl,12.00,15.00,3.00,25.0%,disney-springs/yesake
2026-09-10 22:17,YeSake Kiosk,Disney Springs,Kirin Frozen Draft Beer,Assorted Beer,10.00,11.00,1.00,10.0%,disney-springs/yesake
2026-09-10 22:17,YeSake Kiosk,Disney Springs,Strawberry Nigori Sake 4oz,Alcoholic Beverages,9.50,10.00,0.50,5.3%,disney-springs/yesake
2026-09-10 22:17,YeSake Kiosk,Disney Springs,Nigori Sake,Alcoholic Beverages,9.50,10.00,0.50,5.3%,disney-springs/yesake
2026-09-10 22:17,YeSake Kiosk,Disney Springs,Hot or Cold Sake,Alcoholic Beverages,8.00,9.00,1.00,12.5%,disney-springs/yesake
2026-09-10 22:17,YeSake Kiosk,Disney Springs,Sake Cocktail,Alcoholic Beverages,10.00,13.00,3.00,30.0%,disney-springs/yesake
2026-09-14 20:45,Cinderella's Royal Table,Magic Kingdom,Bloody Mary,Specialty Cocktails,17.50,17.00,-0.50,-2.9%,magic-kingdom/cinderella-royal-table
2026-09-14 20:45,The Crystal Palace,Magic Kingdom,Sunrise Margarita,Specialty Cocktails,18.50,20.50,2.00,10.8%,magic-kingdom/crystal-palace
2026-09-14 20:45,The Plaza Restaurant,Magic Kingdom,Sunrise Margarita,Specialty Cocktails,18.50,20.50,2.00,10.8%,magic-kingdom/plaza-restaurant
2026-09-14 20:45,Hollywood & Vine,Disney's Hollywood Studios,Bloody Mary,Breakfast Cocktails,17.50,17.00,-0.50,-2.9%,hollywood-studios/hollywood-and-vine
2026-09-14 20:45,T-REX ™,Disney Springs,Colosso Beef Nachos,Appetizers,23.79,23.99,0.20,0.8%,disney-springs/t-rex
2026-09-14 20:45,T-REX ™,Disney Springs,Mozzarella Sticks,Appetizers,15.99,16.49,0.50,3.1%,disney-springs/t-rex
2026-09-14 20:45,T-REX ™,Disney Springs,Cheesy Skillet Meatballs,Appetizers,17.49,17.79,0.30,1.7%,disney-springs/t-rex
2026-09-14 20:45,T-REX ™,Disney Springs,Caprese Flatbread,Appetizers,17.49,17.79,0.30,1.7%,disney-springs/t-rex
2026-09-14 20:45,T-REX ™,Disney Springs,BBQ Chicken Flatbread,Appetizers,17.49,17.79,0.30,1.7%,disney-springs/t-rex
2026-09-14 20:45,T-REX ™,Disney Springs,Caesar-saurus Salad,Soup & Salads,20.49,20.99,0.50,2.4%,disney-springs/t-rex
2026-09-14 20:45,T-REX ™,Disney Springs,Omnivore's Delight,Soup & Salads,22.79,22.99,0.20,0.9%,disney-springs/t-rex
2026-09-14 20:45,T-REX ™,Disney Springs,Fish-N-Chips,Seafood,25.79,25.99,0.20,0.8%,disney-springs/t-rex
2026-09-14 20:45,T-REX ™,Disney Springs,Creole Chicken & Shrimp Ravioli (Spicy),Pastas,35.49,35.79,0.30,0.8%,disney-springs/t-rex
2026-09-14 20:45,T-REX ™,Disney Springs,Prehistoric Pasta,Pastas,24.79,24.99,0.20,0.8%,disney-springs/t-rex
2026-09-14 20:45,T-REX ™,Disney Springs,Fire-Roasted Rotisserie Chicken,Carnivores,26.79,26.99,0.20,0.7%,disney-springs/t-rex
2026-09-14 20:45,T-REX ™,Disney Springs,Mes-O-Bones,Carnivores,31.79,31.99,0.20,0.6%,disney-springs/t-rex
2026-09-14 20:45,T-REX ™,Disney Springs,**New York Strip*,Carnivores,46.29,46.79,0.50,1.1%,disney-springs/t-rex
2026-09-14 20:45,Cape May Cafe,Beach Club Resort,Bloody Mary,Cocktails,17.50,17.00,-0.50,-2.9%,beach-club-resort/cape-may-cafe
2026-09-14 20:45,Chef Mickey's,Contemporary Resort,Sunrise Margarita,Magical Morning Cocktails,18.50,20.50,2.00,10.8%,contemporary-resort/chef-mickeys
2026-09-14 20:45,Grand Floridian Cafe,Grand Floridian Resort & Spa,Sunrise Margarita,Specialty Cocktails,18.50,20.50,2.00,10.8%,grand-floridian-resort-and-spa/grand-floridian-cafe
2026-09-14 20:45,'Ohana,Polynesian Village Resort,Sunrise Margarita,Specialty Cocktails,18.50,20.50,2.00,10.8%,polynesian-resort/ohana
2026-09-14 20:45,Whispering Canyon Cafe,Wilderness Lodge,Bloody Mary,Morning Cocktails,17.50,17.00,-0.50,-2.9%,wilderness-lodge-resort/whispering-canyon-cafe
2026-09-14 20:45,Ale & Compass Restaurant,Yacht Club Resort,Bloody Mary,Cocktails,17.50,17.00,-0.50,-2.9%,yacht-club-resort/ale-and-compass
2026-09-22 22:45,Rainforest Cafe® at Disney's Animal Kingdom,Disney's Animal Kingdom,Breakfast Skillet,Cha! Cha!'s Classics,16.99,17.99,1.00,5.9%,animal-kingdom/rainforest-cafe-animal-kingdom
2026-09-22 22:45,Rainforest Cafe® at Disney's Animal Kingdom,Disney's Animal Kingdom,Benedict Bamba*,Cha! Cha!'s Classics,16.99,17.99,1.00,5.9%,animal-kingdom/rainforest-cafe-animal-kingdom
2026-09-22 22:45,Rainforest Cafe® at Disney's Animal Kingdom,Disney's Animal Kingdom,Ozzie's Omelette*,Cha! Cha!'s Classics,17.99,18.99,1.00,5.6%,animal-kingdom/rainforest-cafe-animal-kingdom
2026-09-22 22:45,Rainforest Cafe® at Disney's Animal Kingdom,Disney's Animal Kingdom,Country Fried Steak & Eggs*,Cha! Cha!'s Classics,20.99,21.99,1.00,4.8%,animal-kingdom/rainforest-cafe-animal-kingdom
2026-09-22 22:45,Rainforest Cafe® at Disney's Animal Kingdom,Disney's Animal Kingdom,Banana Fosters Pancakes*,Cha! Cha!'s Classics,18.99,19.99,1.00,5.3%,animal-kingdom/rainforest-cafe-animal-kingdom
2026-09-22 22:45,Rainforest Cafe® at Disney's Animal Kingdom,Disney's Animal Kingdom,Steak & Eggs*,Cha! Cha!'s Classics,27.99,28.99,1.00,3.6%,animal-kingdom/rainforest-cafe-animal-kingdom
2026-09-22 22:45,Rainforest Cafe® at Disney's Animal Kingdom,Disney's Animal Kingdom,Pie of the Viper*,Bamba's Brunch,18.99,19.49,0.50,2.6%,animal-kingdom/rainforest-cafe-animal-kingdom
2026-09-22 22:45,Rainforest Cafe® at Disney's Animal Kingdom,Disney's Animal Kingdom,Shrimp & Grits,Bamba's Brunch,21.99,22.99,1.00,4.5%,animal-kingdom/rainforest-cafe-animal-kingdom
2026-09-22 22:45,Rainforest Cafe® at Disney's Animal Kingdom,Disney's Animal Kingdom,Pot Roast Hash*,Bamba's Brunch,22.99,23.99,1.00,4.3%,animal-kingdom/rainforest-cafe-animal-kingdom
2026-09-22 22:45,Rainforest Cafe® at Disney's Animal Kingdom,Disney's Animal Kingdom,Breakfast Nachos,Bamba's Brunch,19.99,20.99,1.00,5.0%,animal-kingdom/rainforest-cafe-animal-kingdom
2026-09-22 22:45,Rainforest Cafe® at Disney's Animal Kingdom,Disney's Animal Kingdom,Breakfast Burrito,Bamba's Brunch,16.99,17.99,1.00,5.9%,animal-kingdom/rainforest-cafe-animal-kingdom
2026-09-22 22:45,Rainforest Cafe® at Disney's Animal Kingdom,Disney's Animal Kingdom,Chicken & Waffles*,Bamba's Brunch,18.49,18.99,0.50,2.7%,animal-kingdom/rainforest-cafe-animal-kingdom
2026-09-22 22:45,Rainforest Cafe® at Disney's Animal Kingdom,Disney's Animal Kingdom,Iggy's Egg Sandwich*,Hand Helds & Sandwiches,18.99,19.99,1.00,5.3%,animal-kingdom/rainforest-cafe-animal-kingdom
2026-09-22 22:45,Rainforest Cafe® at Disney's Animal Kingdom,Disney's Animal Kingdom,Great Morning BLT*,Hand Helds & Sandwiches,19.99,20.49,0.50,2.5%,animal-kingdom/rainforest-cafe-animal-kingdom
2026-09-22 22:45,Rainforest Cafe® at Disney's Animal Kingdom,Disney's Animal Kingdom,Breakfast Burger*,Hand Helds & Sandwiches,22.99,23.49,0.50,2.2%,animal-kingdom/rainforest-cafe-animal-kingdom
2026-09-22 22:45,Rainforest Cafe® at Disney's Animal Kingdom,Disney's Animal Kingdom,Avocado Toast*,Healthier Side,17.99,18.99,1.00,5.6%,animal-kingdom/rainforest-cafe-animal-kingdom
2026-09-22 22:45,Rainforest Cafe® at Disney's Animal Kingdom,Disney's Animal Kingdom,Get Yolk'ed Power Bowl,Healthier Side,17.99,18.99,1.00,5.6%,animal-kingdom/rainforest-cafe-animal-kingdom
2026-09-22 22:45,Rainforest Cafe® at Disney's Animal Kingdom,Disney's Animal Kingdom,Egg White Omelette*,Healthier Side,19.99,20.49,0.50,2.5%,animal-kingdom/rainforest-cafe-animal-kingdom
2026-09-22 22:45,Rainforest Cafe® at Disney's Animal Kingdom,Disney's Animal Kingdom,Steel Cut Oats,Healthier Side,12.99,13.99,1.00,7.7%,animal-kingdom/rainforest-cafe-animal-kingdom
2026-09-22 22:45,Rainforest Cafe® at Disney's Animal Kingdom,Disney's Animal Kingdom,Grit Cakes,Sides & Small Plates,5.29,4.99,-0.30,-5.7%,animal-kingdom/rainforest-cafe-animal-kingdom
2026-09-22 22:45,Rainforest Cafe® at Disney's Animal Kingdom,Disney's Animal Kingdom,Toast,Sides & Small Plates,4.29,3.99,-0.30,-7.0%,animal-kingdom/rainforest-cafe-animal-kingdom
2026-09-22 22:45,Rainforest Cafe® at Disney's Animal Kingdom,Disney's Animal Kingdom,Two Eggs Your Way*,Sides & Small Plates,5.99,6.29,0.30,5.0%,animal-kingdom/rainforest-cafe-animal-kingdom
2026-09-23 18:16,Chefs de France,EPCOT,"Blinis de Saumon fumé,sauce à l’aneth *",Appetizers,18.95,19.95,1.00,5.3%,epcot/chefs-de-france
2026-09-23 18:16,Paddlefish,Disney Springs,Crab Cake,Starters,20.00,21.00,1.00,5.0%,disney-springs/paddlefish
2026-09-23 18:16,Paddlefish,Disney Springs,Calamari,Starters,19.00,20.00,1.00,5.3%,disney-springs/paddlefish
2026-09-23 18:16,Paddlefish,Disney Springs,Hokkaido Scallops,Starters,21.00,24.00,3.00,14.3%,disney-springs/paddlefish
2026-09-23 18:16,Paddlefish,Disney Springs,New England Clam Chowder,Soup & Salad,10.00,12.00,2.00,20.0%,disney-springs/paddlefish
2026-09-23 18:16,Paddlefish,Disney Springs,Burrata Panzanella,Soup & Salad,20.00,21.00,1.00,5.0%,disney-springs/paddlefish
2026-09-23 18:16,Paddlefish,Disney Springs,Ahi Poke,Chilled & Raw Seafood,19.00,21.00,2.00,10.5%,disney-springs/paddlefish
2026-09-23 18:16,Paddlefish,Disney Springs,Crab Ceviche (GF),Chilled & Raw Seafood,19.00,21.00,2.00,10.5%,disney-springs/paddlefish
2026-09-23 18:16,Paddlefish,Disney Springs,Shrimp Po-Boy,Sandwiches,22.00,23.00,1.00,4.5%,disney-springs/paddlefish
2026-09-23 18:16,Paddlefish,Disney Springs,Herbed Parmesan Fries,Sides to Share,10.00,12.00,2.00,20.0%,disney-springs/paddlefish
2026-09-23 18:16,Paddlefish,Disney Springs,Paddlefish - Blonde,Draft,9.00,10.00,1.00,11.1%,disney-springs/paddlefish
2026-09-23 18:16,Paddlefish,Disney Springs,Stone Delicious - IPA,Draft,9.00,10.00,1.00,11.1%,disney-springs/paddlefish
2026-09-23 18:16,Paddlefish,Disney Springs,BitBurger - German Pilsner,Draft,9.00,10.00,1.00,11.1%,disney-springs/paddlefish
2026-09-23 18:16,Paddlefish,Disney Springs,Fat Tire - Belgian-style Ale,American Craft Beers,9.00,11.00,2.00,22.2%,disney-springs/paddlefish
2026-09-23 18:16,Paddlefish,Disney Springs,Sierra Nevada Hazy Little Thing IPA,American Craft Beers,9.00,11.00,2.00,22.2%,disney-springs/paddlefish
2026-09-23 18:16,Paddlefish,Disney Springs,Islamorada - Citrus Ale,American Craft Beers,9.00,11.00,2.00,22.2%,disney-springs/paddlefish
2026-09-23 18:16,Paddlefish,Disney Springs,Lagunitas - IPA,American Craft Beers,9.00,11.00,2.00,22.2%,disney-springs/paddlefish
2026-09-23 18:16,Paddlefish,Disney Springs,Lost Coast PB Chocolate Milk Stout,American Craft Beers,9.00,11.00,2.00,22.2%,disney-springs/paddlefish
2026-09-23 18:16,Paddlefish,Disney Springs,Corona,Imported & Domestic,9.00,10.00,1.00,11.1%,disney-springs/paddlefish
2026-09-23 18:16,Paddlefish,Disney Springs,Guinness,Imported & Domestic,9.00,10.00,1.00,11.1%,disney-springs/paddlefish
2026-09-23 18:16,Paddlefish,Disney Springs,Heineken,Imported & Domestic,9.00,10.00,1.00,11.1%,disney-springs/paddlefish
2026-09-23 18:16,Paddlefish,Disney Springs,Modelo Especial,Imported & Domestic,9.00,10.00,1.00,11.1%,disney-springs/paddlefish
2026-09-23 18:16,Paddlefish,Disney Springs,Stella Artois – Pilsner,Imported & Domestic,9.00,10.00,1.00,11.1%,disney-springs/paddlefish
2026-09-23 18:16,Paddlefish,Disney Springs,Mahi,From the Port,32.00,35.00,3.00,9.4%,disney-springs/paddlefish
2026-09-23 18:16,The Basket at Wine Bar George,Disney Springs,House-made Hummus,Bites To-Go,14.00,15.00,1.00,7.1%,disney-springs/the-basket
2026-09-23 18:16,The Basket at Wine Bar George,Disney Springs,House-Made Meatballs,Bites To-Go,16.00,17.00,1.00,6.3%,disney-springs/the-basket
2026-09-23 18:16,Wine Bar George – A Restaurant & Bar,Disney Springs,Yogurt Parfait,Wine Country Brunch Small Plates (Available Saturday & Sunday 10:30am - 2pm),10.00,12.00,2.00,20.0%,disney-springs/wine-bar-george
2026-09-23 18:16,Wine Bar George – A Restaurant & Bar,Disney Springs,Seasonal Puff Tart,Wine Country Brunch Small Plates (Available Saturday & Sunday 10:30am - 2pm),11.00,12.00,1.00,9.1%,disney-springs/wine-bar-george
2026-09-23 18:16,Wine Bar George – A Restaurant & Bar,Disney Springs,Sausage Gravy and Biscuits,Wine Country Brunch Main Plates (Available Saturday & Sunday 10:30am - 2pm),18.00,19.00,1.00,5.6%,disney-springs/wine-bar-george
2026-09-23 18:16,Wine Bar George – A Restaurant & Bar,Disney Springs,Steak and Eggs*,Wine Country Brunch Main Plates (Available Saturday & Sunday 10:30am - 2pm),26.00,28.00,2.00,7.7%,disney-springs/wine-bar-george
2026-09-23 18:16,Wine Bar George – A Restaurant & Bar,Disney Springs,Pork Belly,Small Plates,18.00,19.00,1.00,5.6%,disney-springs/wine-bar-george
2026-09-23 18:16,Wine Bar George – A Restaurant & Bar,Disney Springs,Five-Onion Dip,Small Plates,8.00,9.00,1.00,12.5%,disney-springs/wine-bar-george
2026-09-23 18:16,Wine Bar George – A Restaurant & Bar,Disney Springs,Steak Frites*,Main Plates (Available Monday - Friday 12:00pm - 3:00pm),24.00,26.00,2.00,8.3%,disney-springs/wine-bar-george
2026-09-23 18:16,Wine Bar George – A Restaurant & Bar,Disney Springs,Smash Burger,Main Plates (Available Monday - Friday 12:00pm - 3:00pm),18.00,20.00,2.00,11.1%,disney-springs/wine-bar-george
2026-09-23 18:16,Wine Bar George – A Restaurant & Bar,Disney Springs,Lamb Chops*,Small Plates,34.00,42.00,8.00,23.5%,disney-springs/wine-bar-george
2026-09-23 18:16,Wine Bar George – A Restaurant & Bar,Disney Springs,Grilled Ribeye* (16 oz),Main Plates,64.00,68.00,4.00,6.3%,disney-springs/wine-bar-george
2026-09-30 01:51,The Diamond Horseshoe,Magic Kingdom,Cigar City Jai Alai IPA,Beer,11.75,12.50,0.75,6.4%,magic-kingdom/diamond-horseshoe
2026-09-30 01:51,The Diamond Horseshoe,Magic Kingdom,Samuel Adams Boston Lager,Beer,11.75,12.50,0.75,6.4%,magic-kingdom/diamond-horseshoe
2026-09-30 01:51,The Diamond Horseshoe,Magic Kingdom,Yuengling Traditional Lager,Beer,9.75,10.25,0.50,5.1%,magic-kingdom/diamond-horseshoe
2026-09-30 01:51,The Diamond Horseshoe,Magic Kingdom,"Fess Parker Riesling, Santa Barbara County, CA",Wine,56.00,14.00,-42.00,-75.0%,magic-kingdom/diamond-horseshoe
2026-09-30 16:40,The Turf Club Bar and Grill,Saratoga Springs Resort & Spa,Cheeseburger,Kids' Create-Your-Own Entrées (choose one),12.50,13.00,0.50,4.0%,saratoga-springs-resort-and-spa/turf-club-bar-and-grill
2026-09-30 16:40,The Turf Club Bar and Grill,Saratoga Springs Resort & Spa,Double Espresso,Beverages and Coffee,5.99,4.99,-1.00,-16.7%,saratoga-springs-resort-and-spa/turf-club-bar-and-grill
2026-09-30 16:40,The Turf Club Bar and Grill,Saratoga Springs Resort & Spa,Allergy-Friendly Pasta with Marinara,Allergy-Friendly Kids' Create-Your-Own Entrées (choose one),11.50,12.00,0.50,4.3%,saratoga-springs-resort-and-spa/turf-club-bar-and-grill
2026-09-30 16:40,The Turf Club Bar and Grill,Saratoga Springs Resort & Spa,Hamburger on an Allergy-Friendly Bun,Allergy-Friendly Kids' Create-Your-Own Entrées (choose one),12.50,13.00,0.50,4.0%,saratoga-springs-resort-and-spa/turf-club-bar-and-grill
2026-09-30 16:40,The Turf Club Lounge,Saratoga Springs Resort & Spa,New York Sour,Cocktails,24.50,25.00,0.50,2.0%,saratoga-springs-resort-and-spa/turf-club-lounge
2026-09-30 16:40,The Turf Club Lounge,Saratoga Springs Resort & Spa,Grandstand Martini,Cocktails,18.50,19.00,0.50,2.7%,saratoga-springs-resort-and-spa/turf-club-lounge
2026-09-30 16:40,The Turf Club Lounge,Saratoga Springs Resort & Spa,Colt Cooler,Cocktails,18.50,19.00,0.50,2.7%,saratoga-springs-resort-and-spa/turf-club-lounge
2026-09-30 16:40,The Turf Club Lounge,Saratoga Springs Resort & Spa,Blood Orange Margarita,Cocktails,17.50,18.00,0.50,2.9%,saratoga-springs-resort-and-spa/turf-club-lounge
2026-09-30 21:13,Les Vins des Chefs de France,EPCOT,Merlot,Regular Wine,8.50,8.75,0.25,2.9%,epcot/les-vins-des-chefs-de-france
2026-09-30 21:13,Les Vins des Chefs de France,EPCOT,Cabernet,Regular Wine,9.00,8.75,-0.25,-2.8%,epcot/les-vins-des-chefs-de-france
2026-09-30 21:13,Les Vins des Chefs de France,EPCOT,Chardonnay,Regular Wine,8.50,8.75,0.25,2.9%,epcot/les-vins-des-chefs-de-france
2026-09-30 21:13,Les Vins des Chefs de France,EPCOT,Beaujolais Duboeuf,Regional Wine,11.55,9.95,-1.60,-13.9%,epcot/les-vins-des-chefs-de-france
2026-09-30 21:13,Les Vins des Chefs de France,EPCOT,Vouvray Sauvion,Regional Wine,12.50,9.95,-2.55,-20.4%,epcot/les-vins-des-chefs-de-france
2026-09-30 21:13,Les Vins des Chefs de France,EPCOT,Rosé Côtes de Provence,Regional Wine,15.25,9.95,-5.30,-34.8%,epcot/les-vins-des-chefs-de-france
2026-09-30 21:13,Les Vins des Chefs de France,EPCOT,Côtes du Rhône J.L. Colombo,Premium Wine,12.25,10.75,-1.50,-12.2%,epcot/les-vins-des-chefs-de-france
2026-09-30 21:13,Les Vins des Chefs de France,EPCOT,Bordeaux Chateau La Graviere,Premium Wine,10.50,10.75,0.25,2.4%,epcot/les-vins-des-chefs-de-france
2026-09-30 21:13,Les Vins des Chefs de France,EPCOT,Pouilly-Fuissé,Premium Wine,21.50,19.50,-2.00,-9.3%,epcot/les-vins-des-chefs-de-france
2026-09-30 21:13,Les Vins des Chefs de France,EPCOT,Orange,Slushes,14.95,15.75,0.80,5.4%,epcot/les-vins-des-chefs-de-france
2026-09-30 21:13,Les Vins des Chefs de France,EPCOT,Citron,Slushes,14.95,15.75,0.80,5.4%,epcot/les-vins-des-chefs-de-france
2026-09-30 21:13,Les Vins des Chefs de France,EPCOT,Le Geant Slush,Slushes,21.95,19.95,-2.00,-9.1%,epcot/les-vins-des-chefs-de-france
2026-09-30 21:13,Les Vins des Chefs de France,EPCOT,Champagne Malard,Champagne and Beer,21.95,20.95,-1.00,-4.6%,epcot/les-vins-des-chefs-de-france
2026-09-30 21:13,Les Vins des Chefs de France,EPCOT,Kir Royal,Champagne and Beer,22.95,21.95,-1.00,-4.4%,epcot/les-vins-des-chefs-de-france
2026-10-06 01:08,Block & Hans,EPCOT,"Golden Road Brewing Mango Cart Wheat Ale- - Los Angeles, CA",Alcoholic Beverages,13.00,13.25,0.25,1.9%,epcot/block-hans
2026-10-06 01:08,Block & Hans,EPCOT,"Owl's Brew Black Tea & Pineapple Hard Tea - New York, NY",Alcoholic Beverages,13.50,13.00,-0.50,-3.7%,epcot/block-hans
2026-10-06 01:08,50's Prime Time Café,Disney's Hollywood Studios,Caesar Salad with Chicken,Entrées,18.00,19.00,1.00,5.6%,hollywood-studios/50s-prime-time-cafe
2026-10-06 01:08,50's Prime Time Café,Disney's Hollywood Studios,Peanut Butter & Jelly Milk Shake,Non-Alcoholic Specialties,9.75,10.00,0.25,2.6%,hollywood-studios/50s-prime-time-cafe
2026-10-06 01:08,50's Prime Time Café,Disney's Hollywood Studios,Grandma's Picnic Punch,From Dad's Liquor Cabinet,18.50,19.00,0.50,2.7%,hollywood-studios/50s-prime-time-cafe
2026-10-06 01:08,50's Prime Time Café,Disney's Hollywood Studios,The Tune-In PBJ Cocktail,From Dad's Liquor Cabinet,17.50,18.00,0.50,2.9%,hollywood-studios/50s-prime-time-cafe
2026-10-06 01:08,50's Prime Time Café,Disney's Hollywood Studios,Island Fusion Punch,From Dad's Liquor Cabinet,16.50,17.00,0.50,3.0%,hollywood-studios/50s-prime-time-cafe
2026-10-06 01:08,50's Prime Time Café,Disney's Hollywood Studios,Toasted Marshmallow Old Fashioned,From Dad's Liquor Cabinet,18.50,19.00,0.50,2.7%,hollywood-studios/50s-prime-time-cafe
2026-10-06 01:08,50's Prime Time Café,Disney's Hollywood Studios,Patrón Platinum Margarita,From Dad's Liquor Cabinet,18.50,19.00,0.50,2.7%,hollywood-studios/50s-prime-time-cafe
2026-10-06 01:08,50's Prime Time Café,Disney's Hollywood Studios,Dad's Electric Lemonade,From Dad's Liquor Cabinet,18.50,19.00,0.50,2.7%,hollywood-studios/50s-prime-time-cafe
2026-10-06 01:08,50's Prime Time Café,Disney's Hollywood Studios,Espresso Martini,From Dad's Liquor Cabinet,17.50,18.00,0.50,2.9%,hollywood-studios/50s-prime-time-cafe
2026-10-06 01:08,50's Prime Time Café,Disney's Hollywood Studios,Coconut Gimlet,From Dad's Liquor Cabinet,17.50,18.00,0.50,2.9%,hollywood-studios/50s-prime-time-cafe
2026-10-06 01:08,50's Prime Time Café,Disney's Hollywood Studios,Ultimate Long Island Iced Tea,From Dad's Liquor Cabinet,18.50,19.00,0.50,2.7%,hollywood-studios/50s-prime-time-cafe
2026-10-06 01:08,50's Prime Time Café,Disney's Hollywood Studios,"Yuengling Traditional Draft – Pottsville, PA",Craft and Draft Beer,9.75,10.25,0.50,5.1%,hollywood-studios/50s-prime-time-cafe
2026-10-06 01:08,50's Prime Time Café,Disney's Hollywood Studios,Samuel Adams Seasonal Draft,Craft and Draft Beer,11.75,12.50,0.75,6.4%,hollywood-studios/50s-prime-time-cafe
2026-10-06 01:08,50's Prime Time Café,Disney's Hollywood Studios,Cigar City Ja Alai IPA Draft,Craft and Draft Beer,11.75,12.50,0.75,6.4%,hollywood-studios/50s-prime-time-cafe
2026-10-06 01:08,50's Prime Time Café,Disney's Hollywood Studios,"Michelob Ultra Draft - St. Louis, MO",Craft and Draft Beer,9.75,10.25,0.50,5.1%,hollywood-studios/50s-prime-time-cafe
2026-10-06 01:08,50's Prime Time Café,Disney's Hollywood Studios,Caesar Salad,Allergy-Friendly Entrées,18.00,19.00,1.00,5.6%,hollywood-studios/50s-prime-time-cafe
2026-10-06 01:08,Anaheim Produce,Disney's Hollywood Studios,Whole Fruit (Plant-based),Snacks,2.29,2.79,0.50,21.8%,hollywood-studios/anaheim-produce
2026-10-06 01:08,Anaheim Produce,Disney's Hollywood Studios,Assorted Chips,Snacks,3.29,3.49,0.20,6.1%,hollywood-studios/anaheim-produce
2026-10-06 01:08,Anaheim Produce,Disney's Hollywood Studios,Cuties® Mandarin 3-pack,Snacks,4.19,4.49,0.30,7.2%,hollywood-studios/anaheim-produce
2026-10-06 01:08,Anaheim Produce,Disney's Hollywood Studios,Blood Orange Margarita,Beverages with Alcohol,18.50,20.00,1.50,8.1%,hollywood-studios/anaheim-produce
2026-10-06 01:08,Anaheim Produce,Disney's Hollywood Studios,Frozen Coca-Cola® with Bacardí Superior Rum or Jack Daniel's Whiskey,Frozen Beverages with Alcohol,16.50,17.00,0.50,3.0%,hollywood-studios/anaheim-produce
2026-10-06 01:08,Anaheim Produce,Disney's Hollywood Studios,Frozen Golden Margarita,Frozen Beverages with Alcohol,17.50,18.00,0.50,2.9%,hollywood-studios/anaheim-produce
2026-10-06 01:08,Backlot Express,Disney's Hollywood Studios,Honey Buffalo Chicken Strips with Ranch,Entrées,12.99,13.99,1.00,7.7%,hollywood-studios/backlot-express
2026-10-06 01:08,Backlot Express,Disney's Hollywood Studios,Chicken Strips (4 Pieces),Entrées,10.99,11.99,1.00,9.1%,hollywood-studios/backlot-express
2026-10-06 01:08,Backlot Express,Disney's Hollywood Studios,Joffrey's™ Cold Brew Coffee with Sweet Cream,Beverages,5.99,6.29,0.30,5.0%,hollywood-studios/backlot-express
2026-10-06 01:08,Backlot Express,Disney's Hollywood Studios,Large Twinings® Hot Tea,Beverages,5.19,5.29,0.10,1.9%,hollywood-studios/backlot-express
2026-10-06 01:08,Backlot Express,Disney's Hollywood Studios,Freshly Brewed Joffrey's Coffee™ Regular,Hot Beverages,4.29,4.99,0.70,16.3%,hollywood-studios/backlot-express
2026-10-06 01:08,Backlot Express,Disney's Hollywood Studios,Freshly Brewed Joffrey's Coffee™ Decaf,Hot Beverages,4.29,4.99,0.70,16.3%,hollywood-studios/backlot-express
2026-10-06 01:08,Backlot Express,Disney's Hollywood Studios,Frozen Watermelon Vodka Lemonade,Beverages with Alcohol,17.50,18.00,0.50,2.9%,hollywood-studios/backlot-express
2026-10-06 01:08,Backlot Express,Disney's Hollywood Studios,"Goose Island IPA - Chicago, IL",Beverages with Alcohol,12.50,13.25,0.75,6.0%,hollywood-studios/backlot-express
2026-10-06 01:08,Backlot Express,Disney's Hollywood Studios,Safari Amber,Beverages with Alcohol,12.50,13.25,0.75,6.0%,hollywood-studios/backlot-express
2026-10-06 01:08,Backlot Express,Disney's Hollywood Studios,"Bud Light Lager - St. Louis, MO",Beverages with Alcohol,10.00,10.75,0.75,7.5%,hollywood-studios/backlot-express
2026-10-06 01:08,The Hollywood Brown Derby Lounge,Disney's Hollywood Studios,Reposado Espresso Martini,After Dinner Drinks,17.50,18.00,0.50,2.9%,hollywood-studios/hollywood-brown-derby-lounge
2026-10-06 01:08,Thirsty River Bar,Disney's Animal Kingdom,Surfside Iced Tea & Lemonade + Vodka Hard Tea,Thirsty River Bar - Bottled and Canned Beer and Hard Seltzer,11.75,12.75,1.00,8.5%,animal-kingdom/thirsty-river-bar
2026-10-06 01:08,Thirsty River Bar,Disney's Animal Kingdom,Malawi Mango Margarita,Thirsty River Bar - Specialty Cocktails,18.50,19.00,0.50,2.7%,animal-kingdom/thirsty-river-bar
2026-10-06 01:08,Thirsty River Bar,Disney's Animal Kingdom,Himalayan Ghost,Thirsty River Bar - Specialty Cocktails,16.50,17.00,0.50,3.0%,animal-kingdom/thirsty-river-bar
2026-10-06 01:08,Thirsty River Bar,Disney's Animal Kingdom,Shimmering Green Margarita,Thirsty River Bar - Specialty Cocktails,19.50,20.00,0.50,2.6%,animal-kingdom/thirsty-river-bar
2026-10-06 01:08,Caravan Road,Disney's Animal Kingdom,Kakigori with Vodka,Alcoholic Offerings,15.50,16.00,0.50,3.2%,animal-kingdom/caravan-road
2026-10-06 01:08,Caravan Road,Disney's Animal Kingdom,Watermelon Shaved Ice with Vodka,Alcoholic Offerings,15.50,16.00,0.50,3.2%,animal-kingdom/caravan-road
2026-10-06 01:08,Caravan Road,Disney's Animal Kingdom,Mango-Passion Fruit Shaved Ice with Vodka,Alcoholic Offerings,15.50,16.00,0.50,3.2%,animal-kingdom/caravan-road
2026-10-06 01:08,Caravan Road,Disney's Animal Kingdom,Tropical Shaved Ice with Vodka,Alcoholic Offerings,15.50,16.00,0.50,3.2%,animal-kingdom/caravan-road
2026-10-06 01:08,Dawa Bar,Disney's Animal Kingdom,Prickly Pear Margarita,Specialty Cocktails,17.50,18.00,0.50,2.9%,animal-kingdom/dawa-bar
2026-10-06 01:08,Dawa Bar,Disney's Animal Kingdom,Ngumu Jungle Juice,Specialty Cocktails,17.50,18.00,0.50,2.9%,animal-kingdom/dawa-bar
2026-10-06 01:08,Dawa Bar,Disney's Animal Kingdom,Lost on Safari,Specialty Cocktails,17.50,18.00,0.50,2.9%,animal-kingdom/dawa-bar
2026-10-06 01:08,Dawa Bar,Disney's Animal Kingdom,Honey Bee,Specialty Cocktails,18.50,19.00,0.50,2.7%,animal-kingdom/dawa-bar
2026-10-06 01:08,Dawa Bar,Disney's Animal Kingdom,Malawi Mango Margarita,Specialty Cocktails,18.50,19.00,0.50,2.7%,animal-kingdom/dawa-bar
2026-10-06 01:08,Dawa Bar,Disney's Animal Kingdom,Safari Amber,Draft Beer,12.50,13.25,0.75,6.0%,animal-kingdom/dawa-bar
2026-10-06 01:08,Dawa Bar,Disney's Animal Kingdom,Bud Light Lager,"Bottled & Canned Beer, Hard Cider & Hard Seltzer",9.75,10.75,1.00,10.3%,animal-kingdom/dawa-bar
2026-10-06 01:08,Drinkwallah,Disney's Animal Kingdom,Frozen Rum & Coke®,Alcoholic Beverages,15.50,17.00,1.50,9.7%,animal-kingdom/drinkwallah
2026-10-06 01:08,Eight Spoon Café,Disney's Animal Kingdom,Baked Macaroni & Cheese with Pulled Pork,Entrees,12.99,13.49,0.50,3.8%,animal-kingdom/eight-spoon-cafe
2026-10-06 01:08,Eight Spoon Café,Disney's Animal Kingdom,Baked Macaroni & Cheese with Buffalo Chicken,Entrees,12.99,13.49,0.50,3.8%,animal-kingdom/eight-spoon-cafe
2026-10-06 01:08,Eight Spoon Café,Disney's Animal Kingdom,Assorted Fountain Beverages,Beverages,4.79,4.99,0.20,4.2%,animal-kingdom/eight-spoon-cafe
2026-10-06 01:08,Flame Tree Barbecue,Disney's Animal Kingdom,"Ribs, Chicken, and Pulled Pork Sampler",Entrées,18.99,19.99,1.00,5.3%,animal-kingdom/flame-tree-barbecue
2026-10-06 01:08,Flame Tree Barbecue,Disney's Animal Kingdom,Ribs and Chicken Combo,Entrées,15.99,16.99,1.00,6.3%,animal-kingdom/flame-tree-barbecue
2026-10-06 01:08,Flame Tree Barbecue,Disney's Animal Kingdom,Korean Barbecue Sandwich,Plant-Based,12.49,13.49,1.00,8.0%,animal-kingdom/flame-tree-barbecue
2026-10-06 01:08,Flame Tree Barbecue,Disney's Animal Kingdom,Assorted Fountain Beverages - Regular,Beverages,4.79,4.99,0.20,4.2%,animal-kingdom/flame-tree-barbecue
2026-10-06 01:08,Flame Tree Barbecue,Disney's Animal Kingdom,Large Freshly Brewed Joffrey's Coffee™ Regular,Beverages,5.19,5.29,0.10,1.9%,animal-kingdom/flame-tree-barbecue
2026-10-06 01:08,Flame Tree Barbecue,Disney's Animal Kingdom,Large Freshly Brewed Joffrey's Coffee™ Decaf,Beverages,5.19,5.29,0.10,1.9%,animal-kingdom/flame-tree-barbecue
2026-10-06 01:08,Harambe Market,Disney's Animal Kingdom,Savanna Salad,Entrées,11.29,11.49,0.20,1.8%,animal-kingdom/harambe-market
2026-10-06 01:08,Harambe Market,Disney's Animal Kingdom,Harissa Chicken Wrap,Entrées,10.99,11.99,1.00,9.1%,animal-kingdom/harambe-market
2026-10-06 01:08,Isle of Java,Disney's Animal Kingdom,Tiger Tail Chocolate Twist,Snacks,6.29,6.79,0.50,7.9%,animal-kingdom/isle-of-java
2026-10-06 01:08,Isle of Java,Disney's Animal Kingdom,Assorted Fountain Beverages,Beverages,4.79,4.99,0.20,4.2%,animal-kingdom/isle-of-java
2026-10-06 01:08,Isle of Java,Disney's Animal Kingdom,Simply® Orange,Beverages,5.29,5.59,0.30,5.7%,animal-kingdom/isle-of-java
2026-10-06 01:08,Isle of Java,Disney's Animal Kingdom,Minute Maid® Apple Juice,Beverages,4.29,4.59,0.30,7.0%,animal-kingdom/isle-of-java
2026-10-06 01:08,Isle of Java,Disney's Animal Kingdom,Cappuccino,Coffee,5.29,5.49,0.20,3.8%,animal-kingdom/isle-of-java
2026-10-06 01:08,Isle of Java,Disney's Animal Kingdom,Caffè Latte,Coffee,5.29,5.49,0.20,3.8%,animal-kingdom/isle-of-java
2026-10-06 01:08,Isle of Java,Disney's Animal Kingdom,Party Parrot,Alcoholic Beverages,15.50,16.00,0.50,3.2%,animal-kingdom/isle-of-java
2026-10-06 01:08,Kusafiri Coffee Shop & Bakery,Disney's Animal Kingdom,Assorted Fountain Beverages,Beverages,4.79,4.99,0.20,4.2%,animal-kingdom/kusafiri-coffee-shop-and-bakery
2026-10-06 01:08,Kusafiri Coffee Shop & Bakery,Disney's Animal Kingdom,Freshly Brewed Joffrey's Coffee™,Beverages,4.79,4.99,0.20,4.2%,animal-kingdom/kusafiri-coffee-shop-and-bakery
2026-10-06 01:08,Kusafiri Coffee Shop & Bakery,Disney's Animal Kingdom,Hot Cocoa by Joffrey's™,Beverages,4.79,4.99,0.20,4.2%,animal-kingdom/kusafiri-coffee-shop-and-bakery
2026-10-06 01:08,Kusafiri Coffee Shop & Bakery,Disney's Animal Kingdom,Coconut-flavored Iced Coffee,Specialty Beverage,5.99,6.29,0.30,5.0%,animal-kingdom/kusafiri-coffee-shop-and-bakery
2026-10-06 01:08,Kusafiri Coffee Shop & Bakery,Disney's Animal Kingdom,African Coffee,Beverages with Alcohol,15.25,16.00,0.75,4.9%,animal-kingdom/kusafiri-coffee-shop-and-bakery
2026-10-06 01:08,Kusafiri Coffee Shop & Bakery,Disney's Animal Kingdom,Chicken and Rice Bowl,Entrées,12.99,13.99,1.00,7.7%,animal-kingdom/kusafiri-coffee-shop-and-bakery
2026-10-06 01:08,Kusafiri Coffee Shop & Bakery,Disney's Animal Kingdom,Plant-based Picadillo Bowl,Entrées,12.99,13.99,1.00,7.7%,animal-kingdom/kusafiri-coffee-shop-and-bakery
2026-10-06 01:08,Kusafiri Coffee Shop & Bakery,Disney's Animal Kingdom,Beef and Chicken Rice Bowl,Entrées,16.99,17.99,1.00,5.9%,animal-kingdom/kusafiri-coffee-shop-and-bakery
2026-10-06 01:08,Kusafiri Coffee Shop & Bakery,Disney's Animal Kingdom,Beef and Rice Bowl,Entrées,14.99,15.99,1.00,6.7%,animal-kingdom/kusafiri-coffee-shop-and-bakery
2026-10-06 01:08,Mahindi,Disney's Animal Kingdom,Popcorn Bucket Refill,Snacks,2.49,2.79,0.30,12.0%,animal-kingdom/mahindi
2026-10-06 01:08,Mahindi,Disney's Animal Kingdom,Popcorn,Snacks,5.99,6.29,0.30,5.0%,animal-kingdom/mahindi
2026-10-06 01:08,Mahindi,Disney's Animal Kingdom,Assorted Chips,Snacks,3.29,3.49,0.20,6.1%,animal-kingdom/mahindi
2026-10-06 01:08,Nomad Lounge,Disney's Animal Kingdom,Charcuterie and Cheese Board,Small Plates,23.00,24.00,1.00,4.3%,animal-kingdom/nomad-lounge
2026-10-06 01:08,Nomad Lounge,Disney's Animal Kingdom,Lamu Libation,Specialty Cocktails,17.50,18.00,0.50,2.9%,animal-kingdom/nomad-lounge
2026-10-06 01:08,Nomad Lounge,Disney's Animal Kingdom,Spice Trader Classic,Specialty Cocktails,16.50,18.00,1.50,9.1%,animal-kingdom/nomad-lounge
2026-10-06 01:08,Nomad Lounge,Disney's Animal Kingdom,Night Monkey,Specialty Cocktails,16.50,17.00,0.50,3.0%,animal-kingdom/nomad-lounge
2026-10-06 01:08,Nomad Lounge,Disney's Animal Kingdom,Annapurna Zing,Specialty Cocktails,19.50,20.00,0.50,2.6%,animal-kingdom/nomad-lounge
2026-10-06 01:08,Nomad Lounge,Disney's Animal Kingdom,Dalang's Delight,Specialty Cocktails,17.50,18.00,0.50,2.9%,animal-kingdom/nomad-lounge
2026-10-06 01:08,Nomad Lounge,Disney's Animal Kingdom,Tempting Tigress,Specialty Cocktails,18.50,19.00,0.50,2.7%,animal-kingdom/nomad-lounge
2026-10-06 01:08,Nomad Lounge,Disney's Animal Kingdom,Mustang Coffee,Specialty Cocktails,16.50,17.00,0.50,3.0%,animal-kingdom/nomad-lounge
2026-10-06 01:08,Nomad Lounge,Disney's Animal Kingdom,Leaping Lizard,Specialty Cocktails,18.50,19.00,0.50,2.7%,animal-kingdom/nomad-lounge
2026-10-06 01:08,Nomad Lounge,Disney's Animal Kingdom,Sinaloa Sangria,Specialty Cocktails,15.50,16.00,0.50,3.2%,animal-kingdom/nomad-lounge
2026-10-06 01:08,Nomad Lounge,Disney's Animal Kingdom,Boto-Rita,Specialty Cocktails,17.50,19.00,1.50,8.6%,animal-kingdom/nomad-lounge
2026-10-06 01:08,Nomad Lounge,Disney's Animal Kingdom,Hightower Rocks,Specialty Cocktails,18.50,19.00,0.50,2.7%,animal-kingdom/nomad-lounge
2026-10-06 01:08,Nomad Lounge,Disney's Animal Kingdom,Snow Leopard Salvation,Specialty Cocktails,18.50,19.00,0.50,2.7%,animal-kingdom/nomad-lounge
2026-10-06 01:08,Nomad Lounge,Disney's Animal Kingdom,Jenn's Tattoo,Specialty Cocktails,16.50,17.00,0.50,3.0%,animal-kingdom/nomad-lounge
2026-10-06 01:08,Nomad Lounge,Disney's Animal Kingdom,Michelob Ultra Lager Draft - USA,Beer,9.25,10.25,1.00,10.8%,animal-kingdom/nomad-lounge
2026-10-06 01:08,Nomad Lounge,Disney's Animal Kingdom,First Magnitude Wakulla Hefeweizen Draft - USA,Beer,11.75,12.50,0.75,6.4%,animal-kingdom/nomad-lounge
2026-10-06 01:08,Nomad Lounge,Disney's Animal Kingdom,Kungaloosh Spiced Excursion Ale Draft - USA,Beer,11.75,12.50,0.75,6.4%,animal-kingdom/nomad-lounge
2026-10-06 01:08,Nomad Lounge,Disney's Animal Kingdom,White Claw Mango Hard Seltzer - USA,Beer,11.00,12.00,1.00,9.1%,animal-kingdom/nomad-lounge
2026-10-06 01:08,Nomad Lounge,Disney's Animal Kingdom,Sapporo Black Lager –Japan (22-oz can),Beer,14.25,14.75,0.50,3.5%,animal-kingdom/nomad-lounge
2026-10-06 01:08,Pizzafari,Disney's Animal Kingdom,Creamy Pesto Chicken Pasta,Entrées,13.29,13.79,0.50,3.8%,animal-kingdom/pizzafari
2026-10-06 01:08,Pizzafari,Disney's Animal Kingdom,Chicken Caprese Baguette Sandwich,Entrées,13.29,13.99,0.70,5.3%,animal-kingdom/pizzafari
2026-10-06 01:08,Pizzafari,Disney's Animal Kingdom,Baked Chicken Tenders,Entrées,12.99,13.99,1.00,7.7%,animal-kingdom/pizzafari
2026-10-06 01:08,Pizzafari,Disney's Animal Kingdom,Greens and Grains Salad,Plant-Based,10.99,11.49,0.50,4.5%,animal-kingdom/pizzafari
2026-10-06 01:08,Pizzafari,Disney's Animal Kingdom,Large Freshly Brewed Joffrey's Coffee™ Regular,Beverages,5.19,5.29,0.10,1.9%,animal-kingdom/pizzafari
2026-10-06 01:08,Pizzafari,Disney's Animal Kingdom,Large Freshly Brewed Joffrey's Coffee™ Decaf,Beverages,5.19,5.29,0.10,1.9%,animal-kingdom/pizzafari
2026-10-06 01:08,Pizzafari,Disney's Animal Kingdom,Large Twinings® Hot Tea,Beverages,5.19,5.29,0.10,1.9%,animal-kingdom/pizzafari
2026-10-06 01:08,Pizzafari,Disney's Animal Kingdom,Freshly Brewed Joffrey's Coffee™ Regular,Beverages,4.79,4.99,0.20,4.2%,animal-kingdom/pizzafari
2026-10-06 01:08,Pizzafari,Disney's Animal Kingdom,RAMONA Ruby Grapefruit Wine Spritz,Beverages with Alcohol,11.75,12.00,0.25,2.1%,animal-kingdom/pizzafari
2026-10-06 01:08,Pongu Pongu,Disney's Animal Kingdom,Nightwraith Blaze with Vodka,Alcoholic Beverages,20.50,21.00,0.50,2.4%,animal-kingdom/pongu-pongu
2026-10-06 01:08,Pongu Pongu,Disney's Animal Kingdom,Mo'ara Margarita,Alcoholic Beverages,16.50,17.00,0.50,3.0%,animal-kingdom/pongu-pongu
2026-10-06 01:08,Satu'li Canteen,Disney's Animal Kingdom,Large Freshly Brewed Joffrey's Coffee™ Regular,Beverages,5.19,5.29,0.10,1.9%,animal-kingdom/satuli-canteen
2026-10-06 01:08,Satu'li Canteen,Disney's Animal Kingdom,Large Freshly Brewed Joffrey's Coffee™ Decaf,Beverages,5.19,5.29,0.10,1.9%,animal-kingdom/satuli-canteen
2026-10-06 01:08,Satu'li Canteen,Disney's Animal Kingdom,Freshly Brewed Joffrey's Coffee™ Regular,Beverages,4.79,4.99,0.20,4.2%,animal-kingdom/satuli-canteen
2026-10-06 01:08,Satu'li Canteen,Disney's Animal Kingdom,Twinings® Hot Tea,Beverages,4.79,4.99,0.20,4.2%,animal-kingdom/satuli-canteen
2026-10-06 01:08,Satu'li Canteen,Disney's Animal Kingdom,Specialty Ube Cold Brew,Cold Brews,6.29,6.79,0.50,7.9%,animal-kingdom/satuli-canteen
2026-10-06 01:08,Satu'li Canteen,Disney's Animal Kingdom,Yovo Fruit Margarita,Beverages with Alcohol,16.50,17.00,0.50,3.0%,animal-kingdom/satuli-canteen
2026-10-06 01:08,Satu'li Canteen,Disney's Animal Kingdom,Chai Cold Brew with Rum,Beverages with Alcohol,15.50,16.00,0.50,3.2%,animal-kingdom/satuli-canteen
2026-10-06 01:08,Satu'li Canteen,Disney's Animal Kingdom,Cold Brew with Rum and Sweet Cream,Beverages with Alcohol,15.50,16.00,0.50,3.2%,animal-kingdom/satuli-canteen
2026-10-06 01:08,Satu'li Canteen,Disney's Animal Kingdom,"Elysian Space Dust IPA – Seattle, WA, Earth",Beverages with Alcohol,12.50,13.25,0.75,6.0%,animal-kingdom/satuli-canteen
2026-10-06 01:08,Satu'li Canteen,Disney's Animal Kingdom,Hawkes' Grog Ale,Beverages with Alcohol,12.50,13.25,0.75,6.0%,animal-kingdom/satuli-canteen
2026-10-06 01:08,Satu'li Canteen,Disney's Animal Kingdom,Mo'ara High Country Ale,Beverages with Alcohol,12.50,13.25,0.75,6.0%,animal-kingdom/satuli-canteen
2026-10-06 01:08,Satu'li Canteen,Disney's Animal Kingdom,Cheeseburger Steamed Pod,Kid's Meals,8.99,9.49,0.50,5.6%,animal-kingdom/satuli-canteen
2026-10-06 01:08,The Smiling Crocodile,Disney's Animal Kingdom,Assorted Fountain Beverages,Beverages,4.79,4.99,0.20,4.2%,animal-kingdom/smiling-crocodile
2026-10-06 01:08,Tamu Tamu Refreshments,Disney's Animal Kingdom,Joffrey's™ Cold Brew Coffee with Sweet Cream,Beverages,5.99,6.29,0.30,5.0%,animal-kingdom/tamu-tamu-refreshments
2026-10-06 01:08,Tamu Tamu Refreshments,Disney's Animal Kingdom,DOLE Whip® Pineapple Orange Soda Float,Desserts,6.79,6.99,0.20,2.9%,animal-kingdom/tamu-tamu-refreshments
2026-10-06 01:08,Tamu Tamu Refreshments,Disney's Animal Kingdom,DOLE Whip® Pineapple Orange Soda Float with Parrot Bay Coconut Rum,Alcoholic Offerings,14.50,16.00,1.50,10.3%,animal-kingdom/tamu-tamu-refreshments
2026-10-06 01:08,Tamu Tamu Refreshments,Disney's Animal Kingdom,DOLE Whip® Pineapple Juice Float with Parrot Bay Coconut Rum,Alcoholic Offerings,14.50,16.00,1.50,10.3%,animal-kingdom/tamu-tamu-refreshments
2026-10-06 01:08,Tamu Tamu Refreshments,Disney's Animal Kingdom,Irish Coffee,Alcoholic Offerings,15.50,17.00,1.50,9.7%,animal-kingdom/tamu-tamu-refreshments
2026-10-06 01:08,Warung Outpost,Disney's Animal Kingdom,DOLE Whip® Cup,Snacks,5.99,5.79,-0.20,-3.3%,animal-kingdom/warung-outpost
2026-10-06 01:08,Warung Outpost,Disney's Animal Kingdom,Assorted Coca-Cola® Fountain Beverages,Non-Alcoholic Beverages,4.79,5.50,0.71,14.8%,animal-kingdom/warung-outpost
2026-10-06 01:08,Avalunch,Blizzard Beach,Assorted Fountain Beverages,Beverages,4.79,4.99,0.20,4.2%,blizzard-beach/avalunch
2026-10-06 01:08,Avalunch,Blizzard Beach,"Dogfish Head 60 Minute IPA - Milton, DE with a Souvenir Cup",Beer,15.25,15.75,0.50,3.3%,blizzard-beach/avalunch
2026-10-06 01:08,Avalunch,Blizzard Beach,"Bud Light Lager - St. Louis, MO with a Souvenir Cup",Beer,12.75,13.75,1.00,7.8%,blizzard-beach/avalunch
2026-10-06 01:08,Avalunch,Blizzard Beach,"Yuengling Traditional Lager – Pottsville, PA with a Souvenir Cup",Beer,12.75,13.75,1.00,7.8%,blizzard-beach/avalunch
2026-10-06 01:08,Avalunch,Blizzard Beach,Crooked Can High Stepper IPA,Beer,12.25,13.75,1.50,12.2%,blizzard-beach/avalunch
2026-10-06 01:08,Avalunch,Blizzard Beach,RAMONA Ruby Grapefruit Wine Spritz,Beer,11.75,12.00,0.25,2.1%,blizzard-beach/avalunch
2026-10-06 01:08,Cooling Hut,Blizzard Beach,Assorted Chips,Snacks,3.29,3.49,0.20,6.1%,blizzard-beach/cooling-hut
2026-10-06 01:08,Cooling Hut,Blizzard Beach,Assorted Fountain Beverages,Brrr-Everages,4.79,4.99,0.20,4.2%,blizzard-beach/cooling-hut
2026-10-06 01:08,Cooling Hut,Blizzard Beach,Freshly Brewed Joffrey's Coffee™,Brrr-Everages,4.79,4.99,0.20,4.2%,blizzard-beach/cooling-hut
2026-10-06 01:08,Frostbite Freddy's Frozen Refreshments,Blizzard Beach,Premium and Craft Beer with a Souvenir Cup,Draft Beer Specials,15.50,15.75,0.25,1.6%,blizzard-beach/frostbite-freddy
2026-10-06 01:08,Frostbite Freddy's Frozen Refreshments,Blizzard Beach,Premium and Craft Beer Souvenir Cup Same-Day Refills,Draft Beer Specials,9.25,9.50,0.25,2.7%,blizzard-beach/frostbite-freddy
2026-10-06 01:08,Frostbite Freddy's Frozen Refreshments,Blizzard Beach,Domestic Beer with a Souvenir Cup,Draft Beer Specials,13.50,13.75,0.25,1.9%,blizzard-beach/frostbite-freddy
2026-10-06 01:08,Frostbite Freddy's Frozen Refreshments,Blizzard Beach,Domestic Beer Souvenir Cup Same-Day Refills,Draft Beer Specials,8.25,8.50,0.25,3.0%,blizzard-beach/frostbite-freddy
2026-10-06 01:08,Lottawatta Lodge,Blizzard Beach,Bacon Cheeseburger,Entrées,13.29,13.99,0.70,5.3%,blizzard-beach/lottawatta-lodge
2026-10-06 01:08,Lottawatta Lodge,Blizzard Beach,Buffalo Ranch Chicken Strips,Entrées,12.99,13.99,1.00,7.7%,blizzard-beach/lottawatta-lodge
2026-10-06 01:08,Lottawatta Lodge,Blizzard Beach,Chicken Strips,Entrées,10.99,11.99,1.00,9.1%,blizzard-beach/lottawatta-lodge
2026-10-06 01:08,Lottawatta Lodge,Blizzard Beach,Chicken Strips (2 Strips),Kid's Meals,8.99,9.49,0.50,5.6%,blizzard-beach/lottawatta-lodge
2026-10-06 01:08,Lottawatta Lodge,Blizzard Beach,Large Joffrey's™ Cold Brew Coffee with Sweet Cream,Beverages,6.49,6.79,0.30,4.6%,blizzard-beach/lottawatta-lodge
2026-10-06 01:08,Lottawatta Lodge,Blizzard Beach,Joffrey's™ Cold Brew Coffee with Sweet Cream,Beverages,5.99,6.29,0.30,5.0%,blizzard-beach/lottawatta-lodge
2026-10-06 01:08,Lottawatta Lodge,Blizzard Beach,Large Freshly Brewed Joffrey's Coffee™ Regular,Beverages,5.19,5.29,0.10,1.9%,blizzard-beach/lottawatta-lodge
2026-10-06 01:08,Lottawatta Lodge,Blizzard Beach,Large Freshly Brewed Joffrey's Coffee™ Decaf,Beverages,5.19,5.29,0.10,1.9%,blizzard-beach/lottawatta-lodge
2026-10-06 01:08,Lottawatta Lodge,Blizzard Beach,Large Twinings® Hot Tea,Beverages,5.19,5.29,0.10,1.9%,blizzard-beach/lottawatta-lodge
2026-10-06 01:08,Lottawatta Lodge,Blizzard Beach,Assorted Fountain Beverages,Beverages,4.49,4.99,0.50,11.1%,blizzard-beach/lottawatta-lodge
2026-10-06 01:08,Lottawatta Lodge,Blizzard Beach,Minute Maid® Apple Juice,Juice,2.29,4.59,2.30,100.4%,blizzard-beach/lottawatta-lodge
2026-10-06 01:08,Lottawatta Lodge,Blizzard Beach,"Yuengling Traditional Lager – Pottsville, PA with a Souvenir Cup",Beer,13.50,15.75,2.25,16.7%,blizzard-beach/lottawatta-lodge
2026-10-06 01:08,Lottawatta Lodge,Blizzard Beach,RAMONA Meyer Lemon Wine Spritz,Beverages with Alcohol,11.75,12.00,0.25,2.1%,blizzard-beach/lottawatta-lodge
2026-10-06 01:08,Lottawatta Lodge,Blizzard Beach,RAMONA Blood Orange Wine Spritz,Beverages with Alcohol,11.75,12.00,0.25,2.1%,blizzard-beach/lottawatta-lodge
2026-10-06 01:08,Lottawatta Lodge,Blizzard Beach,RAMONA Ruby Grapefruit Wine Spritz,Beverages with Alcohol,11.75,12.00,0.25,2.1%,blizzard-beach/lottawatta-lodge
2026-10-06 01:08,Polar Pub,Blizzard Beach,Grand Margarita,Rocks,18.50,19.00,0.50,2.7%,blizzard-beach/polar-pub
2026-10-06 01:08,Polar Pub,Blizzard Beach,Grapefruit Margarita,Rocks,18.50,19.00,0.50,2.7%,blizzard-beach/polar-pub
2026-10-06 01:08,Polar Pub,Blizzard Beach,Rum Runner,Rocks,17.50,18.00,0.50,2.9%,blizzard-beach/polar-pub
2026-10-06 01:08,Polar Pub,Blizzard Beach,Banana Cabana,Rocks,17.50,18.00,0.50,2.9%,blizzard-beach/polar-pub
2026-10-06 01:08,Polar Pub,Blizzard Beach,Strawberry Daiquiri,Frozen Beverages,15.50,16.00,0.50,3.2%,blizzard-beach/polar-pub
2026-10-06 01:08,Polar Pub,Blizzard Beach,Black Cherry Lemonade,Frozen Beverages,18.50,19.00,0.50,2.7%,blizzard-beach/polar-pub
2026-10-06 01:08,Polar Pub,Blizzard Beach,Cold Fashioned,Frozen Beverages,18.50,20.00,1.50,8.1%,blizzard-beach/polar-pub
2026-10-06 01:08,Polar Pub,Blizzard Beach,Premium and Craft Beer,Draft Beer Specials,15.50,15.75,0.25,1.6%,blizzard-beach/polar-pub
2026-10-06 01:08,Polar Pub,Blizzard Beach,Domestic Beer,Draft Beer Specials,13.50,13.75,0.25,1.9%,blizzard-beach/polar-pub
2026-10-06 01:08,Warming Hut,Blizzard Beach,BBQ Pork Sandwich,Entrées,12.49,13.49,1.00,8.0%,blizzard-beach/warming-hut
2026-10-06 01:08,Warming Hut,Blizzard Beach,Elote Nachos with Pork,Entrées,12.99,13.99,1.00,7.7%,blizzard-beach/warming-hut
2026-10-06 01:08,Warming Hut,Blizzard Beach,Assorted Fountain Beverages,Beverages,4.79,4.99,0.20,4.2%,blizzard-beach/warming-hut
