Pulled,Restaurant,Park,Item,Category,MealPeriods,Description,Price,Source
2026-09-05,Happy Landings Ice Cream,Typhoon Lagoon,Sand Pail Sundae,Desserts,Snack,"Vanilla and Chocolate Swirl Soft-serve, Vanilla Cake, Cookies and Cream Crumbles, Hot Fudge, Caramel Sauce, Whipped Cream, M&M'S® Milk Chocolate candies, and a Cherry layered into an exclusive Souvenir Sand Pail Bucket",18.29,typhoon-lagoon/happy-landings-ice-cream
2026-09-05,Happy Landings Ice Cream,Typhoon Lagoon,Hot Fudge Brownie Sundae,Desserts,Snack,"Vanilla Soft-serve with Hot Fudge, Whipped Cream, and a Cherry served with a Brownie",7.99,typhoon-lagoon/happy-landings-ice-cream
2026-09-05,Happy Landings Ice Cream,Typhoon Lagoon,Pineapple Upside-down Cone,Desserts,Snack,"DOLE Whip® Pineapple and Vanilla Soft-serve, Caramel Sauce, Vanilla Cake, Caramelized Pineapple, and a Cherry served under a White Chocolate-dipped Cone",7.79,typhoon-lagoon/happy-landings-ice-cream
2026-09-05,Happy Landings Ice Cream,Typhoon Lagoon,Waffle Cone,Desserts,Snack,"DOLE Whip® Pineapple, Vanilla, Chocolate, or Swirl Soft-serve",6.29,typhoon-lagoon/happy-landings-ice-cream
2026-09-05,Happy Landings Ice Cream,Typhoon Lagoon,Sundae,Desserts,Snack,"Chocolate, Vanilla, or Swirl Soft-serve with Whipped Cream, Cherry, and choice of Hot Fudge or Caramel Sauce",6.99,typhoon-lagoon/happy-landings-ice-cream
2026-09-05,Happy Landings Ice Cream,Typhoon Lagoon,Float,Desserts,Snack,Vanilla Soft-serve with choice of Coca-Cola® or Barq's® Root Beer,6.79,typhoon-lagoon/happy-landings-ice-cream
2026-09-05,Happy Landings Ice Cream,Typhoon Lagoon,Hand-dipped Mickey's Premium Ice Cream Bar,Desserts,Snack,with SKITTLES® POP'd Original Freeze Dried Candy,7.99,typhoon-lagoon/happy-landings-ice-cream
2026-09-05,Happy Landings Ice Cream,Typhoon Lagoon,Mickey's Premium Ice Cream Sandwich,Desserts,Snack,,6.49,typhoon-lagoon/happy-landings-ice-cream
2026-09-05,Happy Landings Ice Cream,Typhoon Lagoon,Outshine® Strawberry Fruit Bar,Desserts,Snack,,5.99,typhoon-lagoon/happy-landings-ice-cream
2026-09-05,Happy Landings Ice Cream,Typhoon Lagoon,Frozen Lemonade Cup,Desserts,Snack,,6.29,typhoon-lagoon/happy-landings-ice-cream
2026-09-05,Happy Landings Ice Cream,Typhoon Lagoon,Frozen Strawberry Lemonade Cup,Desserts,Snack,,6.29,typhoon-lagoon/happy-landings-ice-cream
2026-09-05,Happy Landings Ice Cream,Typhoon Lagoon,Assorted Fountain Beverages,Beverages,Snack,,4.79,typhoon-lagoon/happy-landings-ice-cream
2026-09-05,Happy Landings Ice Cream,Typhoon Lagoon,DASANI® Bottled Water,Beverages,Snack,,4.25,typhoon-lagoon/happy-landings-ice-cream
2026-09-05,Happy Landings Ice Cream,Typhoon Lagoon,smartwater®,Beverages,Snack,,6.25,typhoon-lagoon/happy-landings-ice-cream
2026-09-05,Leaning Palms,Typhoon Lagoon,Miss Tilly Sipper Cup,Souvenir Specialties,Lunch,Miss Tilly Sipper Cup is eligible for refills at Typhoon Lagoon Quick-Service Locations for the entire day.,22.49,typhoon-lagoon/leaning-palms
2026-09-05,Leaning Palms,Typhoon Lagoon,Pluto Skeleton Sipper,Souvenir Specialties,Lunch,Includes choice of Coca-Cola® Fountain Beverage at time of purchase. Available while supplies last.,18.79,typhoon-lagoon/leaning-palms
2026-09-05,Leaning Palms,Typhoon Lagoon,Bacon Cheeseburger,Entrées,Lunch,"Angus Cheeseburger with Bacon, Lettuce, and Tomato served with French Fries",13.29,typhoon-lagoon/leaning-palms
2026-09-05,Leaning Palms,Typhoon Lagoon,Sweet Chili Aïoli Chicken Strips,Entrées,Lunch,Served with French Fries,12.99,typhoon-lagoon/leaning-palms
2026-09-05,Leaning Palms,Typhoon Lagoon,Barbecue Chicken Flatbread,Entrées,Lunch,Topped with Pickled Onions and Pesto Sauce,13.29,typhoon-lagoon/leaning-palms
2026-09-05,Leaning Palms,Typhoon Lagoon,Angus Cheeseburger,Entrées,Lunch,"Angus Burger topped with American Cheese, Lettuce, and Tomato on a Brioche Bun served with French Fries",12.29,typhoon-lagoon/leaning-palms
2026-09-05,Leaning Palms,Typhoon Lagoon,Tropical Salad with Chicken,Entrées,Lunch,"Assorted Greens, Tomatoes, Cucumber, Mango, Pineapple, and Jerk Chicken served with Tropical Vinaigrette",11.99,typhoon-lagoon/leaning-palms
2026-09-05,Leaning Palms,Typhoon Lagoon,Pepperoni Flatbread,Entrées,Lunch,,11.79,typhoon-lagoon/leaning-palms
2026-09-05,Leaning Palms,Typhoon Lagoon,Cheese Flatbread,Entrées,Lunch,,11.29,typhoon-lagoon/leaning-palms
2026-09-05,Leaning Palms,Typhoon Lagoon,Turkey and Cheddar Sandwich,Entrées,Lunch,"Turkey, Cheddar, Lettuce, and Tomato on Whole-Grain Bread with a side of Cranberry Mayonnaise",9.99,typhoon-lagoon/leaning-palms
2026-09-05,Leaning Palms,Typhoon Lagoon,Island Impossible® Burger,Plant-based,Lunch,Served with French Fries,13.99,typhoon-lagoon/leaning-palms
2026-09-05,Leaning Palms,Typhoon Lagoon,French Fries,Sides,Lunch,,5.49,typhoon-lagoon/leaning-palms
2026-09-05,Leaning Palms,Typhoon Lagoon,Tortilla Chips,Sides,Lunch,,5.49,typhoon-lagoon/leaning-palms
2026-09-05,Leaning Palms,Typhoon Lagoon,Cuties® Mandarin,Sides,Lunch,,1.99,typhoon-lagoon/leaning-palms
2026-09-05,Leaning Palms,Typhoon Lagoon,Fresh Fruit Cup,Sides,Lunch,,3.99,typhoon-lagoon/leaning-palms
2026-09-05,Leaning Palms,Typhoon Lagoon,Chocolate Chip Cookie,Sides,Lunch,,4.29,typhoon-lagoon/leaning-palms
2026-09-05,Leaning Palms,Typhoon Lagoon,Turkey Sandwich Kid's Pack,Kid's Disney Check Meals,Lunch,Sliced Roasted Turkey Breast and Cheddar on Honey-Wheat Bread with Apple Chips and Grape Tomatoes served with choice of Small Lowfat Milk or Small DASANI® Bottled Water,8.29,typhoon-lagoon/leaning-palms
2026-09-05,Leaning Palms,Typhoon Lagoon,Cheese Pizza,Kid's Disney Check Meals,Lunch,Served with choice of two Sides and choice of Small Lowfat Milk or Small DASANI® Bottled Water. Meets Disney Nutrition Guidelines for Complete Meals without substitutions,7.99,typhoon-lagoon/leaning-palms
2026-09-05,Leaning Palms,Typhoon Lagoon,Chicken Strips,Kid's Meals,Lunch,Served with choice of two Sides and choice of Small Lowfat Milk or Small DASANI® Bottled Water,8.99,typhoon-lagoon/leaning-palms
2026-09-05,Leaning Palms,Typhoon Lagoon,Frozen Butterfly Pea Tea Lemonade,Beverages,Lunch,Frozen Minute Maid® Lemonade and Butterfly Pea Tea,6.79,typhoon-lagoon/leaning-palms
2026-09-05,Leaning Palms,Typhoon Lagoon,DOLE Whip® Orange Float,Beverages,Lunch,DOLE Whip® Orange with Fanta® Orange,6.79,typhoon-lagoon/leaning-palms
2026-09-05,Leaning Palms,Typhoon Lagoon,DOLE Whip® Pineapple Float,Beverages,Lunch,DOLE Whip® Pineapple with Pineapple Juice,6.79,typhoon-lagoon/leaning-palms
2026-09-05,Leaning Palms,Typhoon Lagoon,Piña Colada (Non-Alcoholic),Beverages,Lunch,,6.99,typhoon-lagoon/leaning-palms
2026-09-05,Leaning Palms,Typhoon Lagoon,Large Joffrey's™ Cold Brew Coffee with Sweet Cream,Beverages,Lunch,,6.49,typhoon-lagoon/leaning-palms
2026-09-05,Leaning Palms,Typhoon Lagoon,Joffrey's™ Cold Brew Coffee with Sweet Cream,Beverages,Lunch,,5.99,typhoon-lagoon/leaning-palms
2026-09-05,Leaning Palms,Typhoon Lagoon,smartwater®,Beverages,Lunch,,6.25,typhoon-lagoon/leaning-palms
2026-09-05,Leaning Palms,Typhoon Lagoon,Assorted Fountain Beverages,Beverages,Lunch,Assorted Coca-Cola® Offerings,4.79,typhoon-lagoon/leaning-palms
2026-09-05,Leaning Palms,Typhoon Lagoon,DASANI® Bottled Water,Beverages,Lunch,,4.25,typhoon-lagoon/leaning-palms
2026-09-05,Leaning Palms,Typhoon Lagoon,Large Freshly Brewed Joffrey's Coffee™ Decaf,Hot Beverages,Lunch,,5.19,typhoon-lagoon/leaning-palms
2026-09-05,Leaning Palms,Typhoon Lagoon,Large Freshly Brewed Joffrey's Coffee™ Regular,Hot Beverages,Lunch,,5.19,typhoon-lagoon/leaning-palms
2026-09-05,Leaning Palms,Typhoon Lagoon,Large Twinings® Hot Tea,Hot Beverages,Lunch,,5.19,typhoon-lagoon/leaning-palms
2026-09-05,Leaning Palms,Typhoon Lagoon,Freshly Brewed Joffrey's Coffee™ Decaf,Hot Beverages,Lunch,,4.79,typhoon-lagoon/leaning-palms
2026-09-05,Leaning Palms,Typhoon Lagoon,Freshly Brewed Joffrey's Coffee™ Regular,Hot Beverages,Lunch,,4.79,typhoon-lagoon/leaning-palms
2026-09-05,Leaning Palms,Typhoon Lagoon,Hot Cocoa by Joffrey’s Coffee™,Hot Beverages,Lunch,,4.79,typhoon-lagoon/leaning-palms
2026-09-05,Leaning Palms,Typhoon Lagoon,Twinings® Hot Tea,Hot Beverages,Lunch,,4.79,typhoon-lagoon/leaning-palms
2026-09-05,Leaning Palms,Typhoon Lagoon,Chocolate Milk,Milk,Lunch,,2.59,typhoon-lagoon/leaning-palms
2026-09-05,Leaning Palms,Typhoon Lagoon,Lowfat Milk,Milk,Lunch,,2.59,typhoon-lagoon/leaning-palms
2026-09-05,Leaning Palms,Typhoon Lagoon,Simply® Orange,Juice ,Lunch,,5.59,typhoon-lagoon/leaning-palms
2026-09-05,Leaning Palms,Typhoon Lagoon,Minute Maid® Apple Juice,Juice ,Lunch,,2.59,typhoon-lagoon/leaning-palms
2026-09-05,Leaning Palms,Typhoon Lagoon,"Caribé Pineapple Hard Cider, Cape Canaveral, FL with a Souvenir Cup",Beer,Lunch,"20-oz Draft - Refreshing, tropical hard cider with flavors of Pineapple. Additional refills are available at the Register",15.25,typhoon-lagoon/leaning-palms
2026-09-05,Leaning Palms,Typhoon Lagoon,"Samuel Adams Seasonal – Boston, MA with a Souvenir Cup",Beer,Lunch,20-oz Draft - Fuller flavored with a higher malt presence than Pale Lagers. Additional refills are available at the Register,15.25,typhoon-lagoon/leaning-palms
2026-09-05,Leaning Palms,Typhoon Lagoon,"Bud Light Lager - St. Louis, MO with a Souvenir Cup",Beer,Lunch,"20-oz Draft - Golden-colored with flavors that are dry, clean, crisp, and refreshing with subtle bitterness. Additional refills are available at the Register",13.25,typhoon-lagoon/leaning-palms
2026-09-05,Leaning Palms,Typhoon Lagoon,Opici Family Red Sangria,Wine - Glass,Lunch,,13.00,typhoon-lagoon/leaning-palms
2026-09-05,Leaning Palms,Typhoon Lagoon,Opici Family White Sangria,Wine - Glass,Lunch,,13.00,typhoon-lagoon/leaning-palms
2026-09-05,Leaning Palms,Typhoon Lagoon,Pink Paloma,Beverages with Alcohol,Lunch,Featuring Patrón Silver Tequila,17.50,typhoon-lagoon/leaning-palms
2026-09-05,Leaning Palms,Typhoon Lagoon,Frozen Butterfly Pea Tea Lemonade with Vodka,Beverages with Alcohol,Lunch,Frozen Minute Maid® Lemonade and Butterfly Pea Tea with Tito's Handmade Vodka,16.50,typhoon-lagoon/leaning-palms
2026-09-05,Leaning Palms,Typhoon Lagoon,Frozen Blue Colada,Beverages with Alcohol,Lunch,Bacardí Superior Rum,15.50,typhoon-lagoon/leaning-palms
2026-09-05,Leaning Palms,Typhoon Lagoon,RAMONA Meyer Lemon Wine Spritz,Beverages with Alcohol,Lunch,,11.50,typhoon-lagoon/leaning-palms
2026-09-05,Leaning Palms,Typhoon Lagoon,RAMONA Ruby Grapefruit Wine Spritz,Beverages with Alcohol,Lunch,,11.50,typhoon-lagoon/leaning-palms
2026-09-05,Leaning Palms,Typhoon Lagoon,RAMONA Blood Orange Wine Spritz,Beverages with Alcohol,Lunch,,11.50,typhoon-lagoon/leaning-palms
2026-09-05,Let's Go Slurpin',Typhoon Lagoon,Sunset Margarita,Rocks,Bar – Lounge,"Teremana Blanco Tequila, Grand Marnier Liqueur, Hella Cocktail Co. Smoked Chili Bitters, Lime, and Agave",18.50,typhoon-lagoon/lets-go-slurpin
2026-09-05,Let's Go Slurpin',Typhoon Lagoon,Rum Runner,Rocks,Bar – Lounge,"Don Q Cristal Rum, Bols Blackberry Brandy, Bols Crème de Banana Liqueur, and Tropical Juices topped with a float of Myers's Original Dark Rum",16.50,typhoon-lagoon/lets-go-slurpin
2026-09-05,Let's Go Slurpin',Typhoon Lagoon,Captain's Mai Tai,Rocks,Bar – Lounge,"Captain Morgan Original Spiced Rum, Bols Amaretto Liqueur, and Tropical Juices topped with a float of Myers's Original Dark Rum",16.50,typhoon-lagoon/lets-go-slurpin
2026-09-05,Let's Go Slurpin',Typhoon Lagoon,Pineapple Mule,Rocks,Bar – Lounge,"Uncle Nearest 1884 Small Batch Whiskey, Hella Cocktail Co. Ginger Bitters, Pineapple Juice, Ginger Beer, and Mint",19.00,typhoon-lagoon/lets-go-slurpin
2026-09-05,Let's Go Slurpin',Typhoon Lagoon,Banana Cabana,Rocks,Bar – Lounge,"Cruzan Mango Rum, Parrot Bay Coconut Rum, and Bols Crème de Banana with Minute Maid® Orange Juice and Pineapple Juice and a float of Grenadine",17.50,typhoon-lagoon/lets-go-slurpin
2026-09-05,Let's Go Slurpin',Typhoon Lagoon,Blueberry Lemonade,Rocks,Bar – Lounge,"Three Olives Blueberry Vodka, Bols Blue Curaçao Liqueur, and Lemonade with Juices of Lemon and Pomegranate topped with Sprite®",17.50,typhoon-lagoon/lets-go-slurpin
2026-09-05,Let's Go Slurpin',Typhoon Lagoon,Slurpin' Mojito,Rocks,Bar – Lounge,"Ten to One Rum, Club Soda, Mint, and Lime",16.50,typhoon-lagoon/lets-go-slurpin
2026-09-05,Let's Go Slurpin',Typhoon Lagoon,Strawberry Daiquiri,Frozen,Bar – Lounge,Don Q Cristal Rum and Lime Juice blended with Strawberry Purée,15.50,typhoon-lagoon/lets-go-slurpin
2026-09-05,Let's Go Slurpin',Typhoon Lagoon,Iced Tea and Lemonade with Vodka,Frozen,Bar – Lounge,Tito’s Handmade Vodka,18.50,typhoon-lagoon/lets-go-slurpin
2026-09-05,Let's Go Slurpin',Typhoon Lagoon,Piña CoLAVA,Frozen,Bar – Lounge,Bacardi Raspberry Rum blended with Piña Colada Mix and Raspberry Purée,18.50,typhoon-lagoon/lets-go-slurpin
2026-09-05,Let's Go Slurpin',Typhoon Lagoon,RAMONA Blood Orange Wine Spritz,Wine,Bar – Lounge,,11.75,typhoon-lagoon/lets-go-slurpin
2026-09-05,Let's Go Slurpin',Typhoon Lagoon,RAMONA Meyer Lemon Wine Spritz,Wine,Bar – Lounge,,11.75,typhoon-lagoon/lets-go-slurpin
2026-09-05,Let's Go Slurpin',Typhoon Lagoon,RAMONA Ruby Grapefruit Wine Spritz,Wine,Bar – Lounge,,11.75,typhoon-lagoon/lets-go-slurpin
2026-09-05,Let's Go Slurpin',Typhoon Lagoon,Opici Family Sangria,Wine,Bar – Lounge,Red or White,14.00,typhoon-lagoon/lets-go-slurpin
2026-09-05,Lowtide Lou's,Typhoon Lagoon,Tropical Salad with Chicken,Entrées,Snack,"Assorted Greens, Tomato, Cucumber, Mango, Pineapple, and Jerk Chicken served with Tropical Vinaigrette",11.99,typhoon-lagoon/low-tide-lou
2026-09-05,Lowtide Lou's,Typhoon Lagoon,Barbecue Chicken Wrap with Bacon,Entrées,Snack,,11.79,typhoon-lagoon/low-tide-lou
2026-09-05,Lowtide Lou's,Typhoon Lagoon,Hotdog with Chips,Entrées,Snack,,11.29,typhoon-lagoon/low-tide-lou
2026-09-05,Lowtide Lou's,Typhoon Lagoon,Chips,Entrées,Snack,,3.29,typhoon-lagoon/low-tide-lou
2026-09-05,Lowtide Lou's,Typhoon Lagoon,Popcorn in a Refillable Souvenir Bucket,Additional Offerings,Snack,(Plant-based),14.29,typhoon-lagoon/low-tide-lou
2026-09-05,Lowtide Lou's,Typhoon Lagoon,Popcorn Bucket Refill,Additional Offerings,Snack,Valid for length of stay. (Plant-based),2.49,typhoon-lagoon/low-tide-lou
2026-09-05,Lowtide Lou's,Typhoon Lagoon,Popcorn,Additional Offerings,Snack,(Plant-based),5.99,typhoon-lagoon/low-tide-lou
2026-09-05,Lowtide Lou's,Typhoon Lagoon,DASANI® Bottled Water,Beverages,Snack,,4.25,typhoon-lagoon/low-tide-lou
2026-09-05,Lowtide Lou's,Typhoon Lagoon,smartwater®,Beverages,Snack,,6.25,typhoon-lagoon/low-tide-lou
2026-09-05,Lowtide Lou's,Typhoon Lagoon,Lowfat Milk,Beverages,Snack,,2.59,typhoon-lagoon/low-tide-lou
2026-09-05,Lowtide Lou's,Typhoon Lagoon,Chocolate Milk,Beverages,Snack,,2.59,typhoon-lagoon/low-tide-lou
2026-09-05,Lowtide Lou's,Typhoon Lagoon,Seasonal Draft Beer,Alcoholic Beverages,Snack,,13.50,typhoon-lagoon/low-tide-lou
2026-09-05,Lowtide Lou's,Typhoon Lagoon,High Noon Pineapple Vodka Hard Seltzer,Alcoholic Beverages,Snack,,12.75,typhoon-lagoon/low-tide-lou
2026-09-05,Lowtide Lou's,Typhoon Lagoon,RAMONA Blood Orange Wine Spritz,Alcoholic Beverages,Snack,,11.75,typhoon-lagoon/low-tide-lou
2026-09-05,Lowtide Lou's,Typhoon Lagoon,RAMONA Ruby Grapefruit Wine Spritz,Alcoholic Beverages,Snack,,11.75,typhoon-lagoon/low-tide-lou
2026-09-05,Lowtide Lou's,Typhoon Lagoon,RAMONA Meyer Lemon Wine Spritz,Alcoholic Beverages,Snack,,11.75,typhoon-lagoon/low-tide-lou
2026-09-05,Snack Shack,Typhoon Lagoon,DOLE Whip® Bathtub Sundae,Desserts,Snack,"DOLE Whip® Pineapple, Strawberry, and Orange (Plant-based)",16.29,typhoon-lagoon/snack-shack
2026-09-05,Snack Shack,Typhoon Lagoon,DOLE Whip® or Soft-serve Cup,Desserts,Snack,"DOLE Whip® Pineapple, Orange, Watermelon, Strawberry, or Vanilla Soft-serve in a Cup",5.79,typhoon-lagoon/snack-shack
2026-09-05,Snack Shack,Typhoon Lagoon,DOLE Whip® or Soft-serve Waffle Cone,Desserts,Snack,"DOLE Whip® Pineapple, Orange, Watermelon, Strawberry, or Vanilla Soft-serve in a Waffle Cone",6.29,typhoon-lagoon/snack-shack
2026-09-05,Snack Shack,Typhoon Lagoon,DOLE Whip® Watermelon with Chamoy and Chili-Lime Spice,Desserts,Snack,DOLE Whip® Watermelon topped off with Chamoy and Zesty Chili-Lime Spice,7.29,typhoon-lagoon/snack-shack
2026-09-05,Snack Shack,Typhoon Lagoon,Chocolate Chip Cookie,Desserts,Snack,,4.79,typhoon-lagoon/snack-shack
2026-09-05,Snack Shack,Typhoon Lagoon,Soft-serve Cookie Sandwich,Desserts,Snack,Vanilla Soft-serve sandwiched between two Chocolate Chip Cookies and rolled in Chocolate Sprinkles,6.99,typhoon-lagoon/snack-shack
2026-09-05,Snack Shack,Typhoon Lagoon,Mickey-shaped Pretzel with Cheese,Desserts,Snack,,8.49,typhoon-lagoon/snack-shack
2026-09-05,Snack Shack,Typhoon Lagoon,Assorted Fountain Beverages,Beverages,Snack,,4.49,typhoon-lagoon/snack-shack
2026-09-05,Snack Shack,Typhoon Lagoon,DASANI® Bottled Water,Beverages,Snack,,4.25,typhoon-lagoon/snack-shack
2026-09-05,Snack Shack,Typhoon Lagoon,smartwater®,Beverages,Snack,,6.25,typhoon-lagoon/snack-shack
2026-09-05,Snack Shack,Typhoon Lagoon,DOLE Whip® Strawberry Mai Tai Float,Alcoholic Beverages,Snack,"DOLE Whip® Strawberry with a blend of Captain Morgan Original Spiced Rum, Myers’s Original Dark Rum, Bols Blackberry Brandy, Minute Maid® Orange Juice, and a splash of Fanta® Strawberry",17.50,typhoon-lagoon/snack-shack
2026-09-05,Snack Shack,Typhoon Lagoon,Piña Colada,Alcoholic Beverages,Snack,Bacardí Superior Rum blended with Piña Colada Mix and Strawberry Purée,16.50,typhoon-lagoon/snack-shack
2026-09-05,Snack Shack,Typhoon Lagoon,DOLE Whip® or Soft-serve Cup with Alcohol,Alcoholic Beverages,Snack,"DOLE Whip® Pineapple, Orange, Watermelon, Strawberry, or Vanilla Soft-serve in a Cup with choice of Parrot Bay Coconut Rum, El Jimador Silver 100% de Agave Tequila, or Myers's Original Dark Rum",15.50,typhoon-lagoon/snack-shack
2026-09-05,Snack Shack,Typhoon Lagoon,Bud Light Lager,Alcoholic Beverages,Snack,,9.75,typhoon-lagoon/snack-shack
2026-09-05,Snack Shack,Typhoon Lagoon,Michelob Ultra Lager,Alcoholic Beverages,Snack,,10.25,typhoon-lagoon/snack-shack
2026-09-05,Typhoon Tilly's,Typhoon Lagoon,Miss Tilly Sipper,Souvenir Specialties,Lunch And Dinner,Miss Tilly Sipper Cup is eligible for refills at Typhoon Lagoon Quick-Service Locations for the entire day.,22.49,typhoon-lagoon/typhoon-tilly
2026-09-05,Typhoon Tilly's,Typhoon Lagoon,Fried Fish Platter,Entrées,Lunch And Dinner,"Hand-battered Fish, Shrimp, Clam Strips, and Hushpuppies with Sweet Chili Sauce served with Fries and Slaw",14.29,typhoon-lagoon/typhoon-tilly
2026-09-05,Typhoon Tilly's,Typhoon Lagoon,Pulled Pork Sandwich,Entrées,Lunch And Dinner,"Roasted Pork Shoulder, Bacon, Andouille Sausage, Onion Ring, and Coleslaw topped with House-made Pickle Chips drizzled with Horseradish Petal Sauce",13.29,typhoon-lagoon/typhoon-tilly
2026-09-05,Typhoon Tilly's,Typhoon Lagoon,Sweet Chili Aïoli Chicken Strips,Entrées,Lunch And Dinner,Served with choice of Side,12.99,typhoon-lagoon/typhoon-tilly
2026-09-05,Typhoon Tilly's,Typhoon Lagoon,Land and Sea,Entrées,Lunch And Dinner,Hand-battered Fish and Crispy Chicken Strips served with French Fries,12.49,typhoon-lagoon/typhoon-tilly
2026-09-05,Typhoon Tilly's,Typhoon Lagoon,Tropical Salad,Entrées,Lunch And Dinner,"Assorted Greens with Tomatoes, Cucumber, Mango, Pineapple, Red Pepper Hummus, and Chickpeas served with Tropical Vinaigrette",9.99,typhoon-lagoon/typhoon-tilly
2026-09-05,Typhoon Tilly's,Typhoon Lagoon,Tropical Salad with Chicken,Entrées,Lunch And Dinner,"Assorted Greens with Tomatoes, Cucumber, Mango, Pineapple, and Jerk Chicken served with Tropical Vinaigrette",11.99,typhoon-lagoon/typhoon-tilly
2026-09-05,Typhoon Tilly's,Typhoon Lagoon,Chicken Strips,Entrées,Lunch And Dinner,Served with French Fries,10.99,typhoon-lagoon/typhoon-tilly
2026-09-05,Typhoon Tilly's,Typhoon Lagoon,French Fries,Sides,Lunch And Dinner,,5.49,typhoon-lagoon/typhoon-tilly
2026-09-05,Typhoon Tilly's,Typhoon Lagoon,Fresh Fruit Cup,Sides,Lunch And Dinner,,3.99,typhoon-lagoon/typhoon-tilly
2026-09-05,Typhoon Tilly's,Typhoon Lagoon,Turkey Sandwich Kid's Pack,Kid's Disney Check Meals,Lunch And Dinner,Sliced Roasted Turkey Breast and Cheddar on Honey-Wheat Bread with Apple Chips and Grape Tomatoes served with choice of Small Lowfat Milk or Small DASANI® Bottled Water,8.29,typhoon-lagoon/typhoon-tilly
2026-09-05,Typhoon Tilly's,Typhoon Lagoon,Chicken Strips,Kid's Meals,Lunch And Dinner,Served with choice of two Sides and choice of Small Lowfat Milk or Small DASANI® Bottled Water,8.99,typhoon-lagoon/typhoon-tilly
2026-09-05,Typhoon Tilly's,Typhoon Lagoon,PB&J Uncrustable,Kid's Meals,Lunch And Dinner,Served with choice of two Sides and choice of Small Lowfat Milk or Small DASANI® Bottled Water,7.29,typhoon-lagoon/typhoon-tilly
2026-09-05,Typhoon Tilly's,Typhoon Lagoon,Chocolate Chip Cookie,Dessert,Lunch And Dinner,,4.79,typhoon-lagoon/typhoon-tilly
2026-09-05,Typhoon Tilly's,Typhoon Lagoon,smartwater®,Beverages,Lunch And Dinner,,6.25,typhoon-lagoon/typhoon-tilly
2026-09-05,Typhoon Tilly's,Typhoon Lagoon,Assorted Fountain Beverages,Beverages,Lunch And Dinner,Assorted Coca-Cola® Offerings,4.79,typhoon-lagoon/typhoon-tilly
2026-09-05,Typhoon Tilly's,Typhoon Lagoon,DASANI® Bottled Water,Beverages,Lunch And Dinner,,4.25,typhoon-lagoon/typhoon-tilly
2026-09-05,Typhoon Tilly's,Typhoon Lagoon,Large Freshly Brewed Joffrey's Coffee™ Regular,Hot Beverages,Lunch And Dinner,,5.19,typhoon-lagoon/typhoon-tilly
2026-09-05,Typhoon Tilly's,Typhoon Lagoon,Large Freshly Brewed Joffrey's Coffee™ Decaf,Hot Beverages,Lunch And Dinner,,5.19,typhoon-lagoon/typhoon-tilly
2026-09-05,Typhoon Tilly's,Typhoon Lagoon,Large Hot Cocoa,Hot Beverages,Lunch And Dinner,,5.19,typhoon-lagoon/typhoon-tilly
2026-09-05,Typhoon Tilly's,Typhoon Lagoon,Large Twinings® Hot Tea,Hot Beverages,Lunch And Dinner,,5.19,typhoon-lagoon/typhoon-tilly
2026-09-05,Typhoon Tilly's,Typhoon Lagoon,Freshly Brewed Joffrey's Coffee™ Regular,Hot Beverages,Lunch And Dinner,,4.29,typhoon-lagoon/typhoon-tilly
2026-09-05,Typhoon Tilly's,Typhoon Lagoon,Freshly Brewed Joffrey's Coffee™ Decaf,Hot Beverages,Lunch And Dinner,,4.29,typhoon-lagoon/typhoon-tilly
2026-09-05,Typhoon Tilly's,Typhoon Lagoon,Hot Cocoa by Joffrey’s Coffee™,Hot Beverages,Lunch And Dinner,,4.29,typhoon-lagoon/typhoon-tilly
2026-09-05,Typhoon Tilly's,Typhoon Lagoon,Twinings® Hot Tea,Hot Beverages,Lunch And Dinner,,4.29,typhoon-lagoon/typhoon-tilly
2026-09-05,Typhoon Tilly's,Typhoon Lagoon,Small Chocolate Milk,Milk,Lunch And Dinner,8-oz Bottled Beverage,2.59,typhoon-lagoon/typhoon-tilly
2026-09-05,Typhoon Tilly's,Typhoon Lagoon,Small Lowfat Milk,Milk,Lunch And Dinner,,2.59,typhoon-lagoon/typhoon-tilly
2026-09-05,Typhoon Tilly's,Typhoon Lagoon,Simply® Orange,Juice ,Lunch And Dinner,,5.59,typhoon-lagoon/typhoon-tilly
2026-09-05,Typhoon Tilly's,Typhoon Lagoon,Small Minute Maid® Apple Juice,Juice ,Lunch And Dinner,,2.59,typhoon-lagoon/typhoon-tilly
2026-09-05,Typhoon Tilly's,Typhoon Lagoon,Cinnamon Whisky Punch,Cocktails,Lunch And Dinner,"Fireball Cinnamon Whisky, Bols Crème de Banana Liqueur, DOLE® Pineapple Juice, and Grenadine",15.50,typhoon-lagoon/typhoon-tilly
2026-09-05,Typhoon Tilly's,Typhoon Lagoon,RAMONA Meyer Lemon Wine Spritz,Cocktails,Lunch And Dinner,,11.75,typhoon-lagoon/typhoon-tilly
2026-09-05,Typhoon Tilly's,Typhoon Lagoon,RAMONA Blood Orange Wine Spritz,Cocktails,Lunch And Dinner,,11.75,typhoon-lagoon/typhoon-tilly
2026-09-05,Typhoon Tilly's,Typhoon Lagoon,RAMONA Ruby Grapefruit Wine Spritz,Cocktails,Lunch And Dinner,,11.75,typhoon-lagoon/typhoon-tilly
2026-09-05,Typhoon Tilly's,Typhoon Lagoon,Surfside Iced Tea + Vodka Hard Tea,Cocktails,Lunch And Dinner,,11.75,typhoon-lagoon/typhoon-tilly
2026-09-05,Typhoon Tilly's,Typhoon Lagoon,"Goose Island IPA - Chicago, IL with a Souvenir Cup",Beer,Lunch And Dinner,20-oz Draft - This bigger brother to the Pale Ale employs a significant amount of hops with high bitterness and citrus and floral aromas. Additional refills are available at the Register,15.25,typhoon-lagoon/typhoon-tilly
2026-09-05,Typhoon Tilly's,Typhoon Lagoon,"Samuel Adams Seasonal – Boston, MA with a Souvenir Cup",Beer,Lunch And Dinner,20-oz Draft - Fuller flavored with a higher malt presence than Pale Lagers. Additional refills are available at the Register,15.25,typhoon-lagoon/typhoon-tilly
2026-09-05,Typhoon Tilly's,Typhoon Lagoon,"Bud Light Lager - St. Louis, MO with a Souvenir Cup",Beer,Lunch And Dinner,"20-oz Draft - Golden-colored with flavors that are dry, clean, crisp, and refreshing with subtle bitterness. Additional refills are available at the Register",13.25,typhoon-lagoon/typhoon-tilly
2026-09-05,Typhoon Tilly's,Typhoon Lagoon,"Yuengling Traditional Lager – Pottsville, PA with a Souvenir Cup",Beer,Lunch And Dinner,20-oz Draft - Fuller flavored with a higher malt presence than Pale Lagers. Additional refills are available at the Register,13.25,typhoon-lagoon/typhoon-tilly
2026-09-05,Typhoon Tilly's,Typhoon Lagoon,Opici Family Red Sangria,Wine - Glass,Lunch And Dinner,,14.00,typhoon-lagoon/typhoon-tilly
2026-09-05,Typhoon Tilly's,Typhoon Lagoon,Opici Family White Sangria,Wine - Glass,Lunch And Dinner,,14.00,typhoon-lagoon/typhoon-tilly
2026-09-05,Arctic Expeditions,Blizzard Beach,Cheese Pizza,Entrées,Snack,with Chips,11.79,blizzard-beach/arctic-expeditions
2026-09-05,Arctic Expeditions,Blizzard Beach,Pepperoni Pizza,Entrées,Snack,with Chips,12.29,blizzard-beach/arctic-expeditions
2026-09-05,Arctic Expeditions,Blizzard Beach,Mickey-shaped Pretzel,Snacks,Snack,with Cheese Sauce,8.49,blizzard-beach/arctic-expeditions
2026-09-05,Arctic Expeditions,Blizzard Beach,Assorted Chips,Snacks,Snack,,3.29,blizzard-beach/arctic-expeditions
2026-09-05,Arctic Expeditions,Blizzard Beach,Frozen Cold Fashioned,Specialty Drinks - Alcoholic,Snack,"Woodford Reserve Kentucky Straight Bourbon, Citrus and Tea Slushy, and Angostura Bitters",18.50,blizzard-beach/arctic-expeditions
2026-09-05,Arctic Expeditions,Blizzard Beach,High Noon Pineapple Vodka Hard Seltzer,Specialty Drinks - Alcoholic,Snack,,12.75,blizzard-beach/arctic-expeditions
2026-09-05,Arctic Expeditions,Blizzard Beach,RAMONA Wine Spritz,Specialty Drinks - Alcoholic,Snack,"Blood Orange, Ruby Grapefruit, or Meyer Lemon",11.75,blizzard-beach/arctic-expeditions
2026-09-05,Arctic Expeditions,Blizzard Beach,Premium and Craft Beer with a Souvenir Cup,Beer,Snack,,15.50,blizzard-beach/arctic-expeditions
2026-09-05,Arctic Expeditions,Blizzard Beach,Premium and Craft Beer Souvenir Cup Same-Day Refills,Beer,Snack,,9.25,blizzard-beach/arctic-expeditions
2026-09-05,Arctic Expeditions,Blizzard Beach,Domestic Beer with a Souvenir Cup,Beer,Snack,,13.50,blizzard-beach/arctic-expeditions
2026-09-05,Arctic Expeditions,Blizzard Beach,Domestic Beer Souvenir Cup Same-Day Refills,Beer,Snack,,8.25,blizzard-beach/arctic-expeditions
2026-09-05,Avalunch,Blizzard Beach,Chili-Cheese-Corn Chip Foot-long All-Beef Hot Dog,Entrées,Snack,"Topped with Chili, Shredded Cheese, Corn Chips, and Onions served with Chips",15.49,blizzard-beach/avalunch
2026-09-05,Avalunch,Blizzard Beach,Winter Harvest Salad with Chicken,Entrées,Snack,"Grilled Jalapeño Chicken, Grape Tomatoes, Lettuce Blend, Kale, Red Radishes, Rainbow Carrots, Golden Raisins, Quinoa, and Dates served with Pear Vinaigrette",13.99,blizzard-beach/avalunch
2026-09-05,Avalunch,Blizzard Beach,All-Beef Foot-long Hot Dog,Entrées,Snack,Served with Chips,13.79,blizzard-beach/avalunch
2026-09-05,Avalunch,Blizzard Beach,Winter Harvest Salad,Entrées,Snack,"Grape Tomatoes, Lettuce Blend, Kale, Red Radishes, Rainbow Carrots, Golden Raisins, Quinoa, and Dates served with Pear Vinaigrette",11.99,blizzard-beach/avalunch
2026-09-05,Avalunch,Blizzard Beach,Turkey and Cheddar Sandwich,Entrées,Snack,"Turkey, Cheddar, Lettuce, and Tomato on Whole-Grain Bread with a side of Cranberry Mayonnaise",9.99,blizzard-beach/avalunch
2026-09-05,Avalunch,Blizzard Beach,Roasted Veggie Wrap,Entrées,Snack,"Portobello Mushrooms, Red Onions, Squash, and Zucchini in a Spinach Tortilla with Iceberg Lettuce and a Cream Cheese Spread",7.79,blizzard-beach/avalunch
2026-09-05,Avalunch,Blizzard Beach,Hummus Snack Tray,Entrées,Snack,"Red Pepper Hummus with Carrots, Celery, Pretzels, and Mini Pita Bread",7.29,blizzard-beach/avalunch
2026-09-05,Avalunch,Blizzard Beach,Turkey Sandwich Kid's Pack,Kids' Disney Check Meals,Snack,Sliced Roasted Turkey Breast and Cheddar on Honey-Wheat Bread with Apple Chips and Grape Tomatoes served with choice of Small Lowfat Milk or Small DASANI® Bottled Water,8.29,blizzard-beach/avalunch
2026-09-05,Avalunch,Blizzard Beach,Assorted Fountain Beverages,Beverages,Snack,Assorted Coca-Cola® Offerings,4.79,blizzard-beach/avalunch
2026-09-05,Avalunch,Blizzard Beach,Hot Cocoa by Joffrey’s™,Beverages,Snack,,4.29,blizzard-beach/avalunch
2026-09-05,Avalunch,Blizzard Beach,DASANI® Bottled Water,Beverages,Snack,,4.25,blizzard-beach/avalunch
2026-09-05,Avalunch,Blizzard Beach,smartwater®,Beverages,Snack,,6.25,blizzard-beach/avalunch
2026-09-05,Avalunch,Blizzard Beach,"Dogfish Head 60 Minute IPA - Milton, DE with a Souvenir Cup",Beer,Snack,"20-oz Draft – Floral pine forest aromas, ripe dark fruit flavors, and a nutty, caramel-malt accented body. Additional refills available at the Register.",15.25,blizzard-beach/avalunch
2026-09-05,Avalunch,Blizzard Beach,"Bud Light Lager - St. Louis, MO with a Souvenir Cup",Beer,Snack,"20-oz Draft - Golden-colored with flavors that are dry, clean, crisp, and refreshing with subtle bitterness. Additional refills are available at the Register",12.75,blizzard-beach/avalunch
2026-09-05,Avalunch,Blizzard Beach,"Yuengling Traditional Lager – Pottsville, PA with a Souvenir Cup",Beer,Snack,20-oz Draft - Fuller flavored with a higher malt presence than Pale Lagers. Additional refills are available at the Register,12.75,blizzard-beach/avalunch
2026-09-05,Avalunch,Blizzard Beach,"Lexington Kentucky Bourbon Barrel Ale - Lexington, KY with a Souvenir Cup",Beer,Snack,"20-oz Draft - Rich and bold aged in decanted Kentucky bourbon barrels which add notes of caramel, oak, and a sweet bourbon finish. Additional refills available at the Register.",9.00,blizzard-beach/avalunch
2026-09-05,Avalunch,Blizzard Beach,High Noon Pineapple Vodka Seltzer,Beer,Snack,,12.75,blizzard-beach/avalunch
2026-09-05,Avalunch,Blizzard Beach,Crooked Can High Stepper IPA,Beer,Snack,"Citrus ale, full-flavored, clean finish",12.25,blizzard-beach/avalunch
2026-09-05,Avalunch,Blizzard Beach,RAMONA Ruby Grapefruit Wine Spritz,Beer,Snack,Lightly sparkling Sicilian wine made with Zibibbo grapes mixed with ruby grapefruit juice,11.75,blizzard-beach/avalunch
2026-09-05,Mini Donuts by Joffrey's Coffee™ at Blizzard Beach,Blizzard Beach,1/2 Dozen Mini Donuts,Mini Donuts,Snack,,5.99,blizzard-beach/blizzard-beach-mini-donuts
2026-09-05,Mini Donuts by Joffrey's Coffee™ at Blizzard Beach,Blizzard Beach,1 Dozen Mini Donuts,Mini Donuts,Snack,,10.99,blizzard-beach/blizzard-beach-mini-donuts
2026-09-05,Mini Donuts by Joffrey's Coffee™ at Blizzard Beach,Blizzard Beach,Dipping Sauces,Mini Donuts,Snack,"Available Sauces: Chocolate, Raspberry, White Chocolate",1.69,blizzard-beach/blizzard-beach-mini-donuts
2026-09-05,Mini Donuts by Joffrey's Coffee™ at Blizzard Beach,Blizzard Beach,Organic Café Femenino Coffee,Beverages,Snack,,3.79,blizzard-beach/blizzard-beach-mini-donuts
2026-09-05,Mini Donuts by Joffrey's Coffee™ at Blizzard Beach,Blizzard Beach,Frozen Lemonade,Beverages,Snack,,6.09,blizzard-beach/blizzard-beach-mini-donuts
2026-09-05,Cooling Hut,Blizzard Beach,Popcorn,All Day,All Day,,5.99,blizzard-beach/cooling-hut
2026-09-05,Cooling Hut,Blizzard Beach,Mickey -shaped Pretzel,Snacks,Snack,with Cheese Sauce,8.49,blizzard-beach/cooling-hut
2026-09-05,Cooling Hut,Blizzard Beach,Assorted Chips,Snacks,Snack,,3.29,blizzard-beach/cooling-hut
2026-09-05,Cooling Hut,Blizzard Beach,Fresh Fruit Cup,Snacks,Snack,,4.29,blizzard-beach/cooling-hut
2026-09-05,Cooling Hut,Blizzard Beach,Cheese Snack Cup,Snacks,Snack,,5.99,blizzard-beach/cooling-hut
2026-09-05,Cooling Hut,Blizzard Beach,Popcorn - Souvenir Bucket,Snacks,Snack,Popcorn Bucket Refill $2.49. Valid for length of stay.,14.29,blizzard-beach/cooling-hut
2026-09-05,Cooling Hut,Blizzard Beach,Popcorn,Snacks,Snack,,5.99,blizzard-beach/cooling-hut
2026-09-05,Cooling Hut,Blizzard Beach,Mickey's Premium Ice Cream Bar,Frozen Treats,Snack,,6.49,blizzard-beach/cooling-hut
2026-09-05,Cooling Hut,Blizzard Beach,Mickey's Premium Ice Cream Sandwich,Frozen Treats,Snack,,6.49,blizzard-beach/cooling-hut
2026-09-05,Cooling Hut,Blizzard Beach,Outshine® Strawberry Fruit Bar,Frozen Treats,Snack,,5.99,blizzard-beach/cooling-hut
2026-09-05,Cooling Hut,Blizzard Beach,Assorted Fountain Beverages,Brrr-Everages,Snack,,4.79,blizzard-beach/cooling-hut
2026-09-05,Cooling Hut,Blizzard Beach,Simply® Orange,Brrr-Everages,Snack,,5.59,blizzard-beach/cooling-hut
2026-09-05,Cooling Hut,Blizzard Beach,DASANI® Bottled Water,Brrr-Everages,Snack,,4.25,blizzard-beach/cooling-hut
2026-09-05,Cooling Hut,Blizzard Beach,smartwater®,Brrr-Everages,Snack,,6.25,blizzard-beach/cooling-hut
2026-09-05,Cooling Hut,Blizzard Beach,Freshly Brewed Joffrey's Coffee™,Brrr-Everages,Snack,Regular or Decaf. Large Freshly Brewed Joffrey's Coffee™ $5.19,4.79,blizzard-beach/cooling-hut
2026-09-05,Frostbite Freddy's Frozen Freshments,Blizzard Beach,DASANI® Bottled Water,Beverages,Bar – Lounge,,4.25,blizzard-beach/frostbite-freddy
2026-09-05,Frostbite Freddy's Frozen Freshments,Blizzard Beach,Premium and Craft Beer with a Souvenir Cup,Draft Beer Specials,Bar – Lounge,,15.50,blizzard-beach/frostbite-freddy
2026-09-05,Frostbite Freddy's Frozen Freshments,Blizzard Beach,Premium and Craft Beer Souvenir Cup Same-Day Refills,Draft Beer Specials,Bar – Lounge,,9.25,blizzard-beach/frostbite-freddy
2026-09-05,Frostbite Freddy's Frozen Freshments,Blizzard Beach,Domestic Beer with a Souvenir Cup,Draft Beer Specials,Bar – Lounge,,13.50,blizzard-beach/frostbite-freddy
2026-09-05,Frostbite Freddy's Frozen Freshments,Blizzard Beach,Domestic Beer Souvenir Cup Same-Day Refills,Draft Beer Specials,Bar – Lounge,,8.25,blizzard-beach/frostbite-freddy
2026-09-05,Frostbite Freddy's Frozen Freshments,Blizzard Beach,Grand Margarita,Alcoholic Beverages,Bar – Lounge,"Jose Cuervo Gold Tequila, Grand Marnier Liqueur, Lime Juice, and Sweet-and-Sour",18.50,blizzard-beach/frostbite-freddy
2026-09-05,Frostbite Freddy's Frozen Freshments,Blizzard Beach,Rum Runner,Alcoholic Beverages,Bar – Lounge,"Don Q Cristal Rum, Bols Blackberry, Brandy, Bols Crème de Banana Liqueur, and a Tropical Juices topped with a float of Meyers's Original Dark Rum",16.50,blizzard-beach/frostbite-freddy
2026-09-05,Frostbite Freddy's Frozen Freshments,Blizzard Beach,Grapefruit Margarita,Alcoholic Beverages,Bar – Lounge,"Patron Silver Tequila, Cointreau Liqueur, and Ruby Red Grapefruit Juice",18.50,blizzard-beach/frostbite-freddy
2026-09-05,Frostbite Freddy's Frozen Freshments,Blizzard Beach,Banana Cabana,Alcoholic Beverages,Bar – Lounge,"Cruzan Mango Rum, Parrot Bay Coconut Rum, and Bols Crème de Banana Liqueur with Orange and Pineapple Juices and a float of Grenadine",17.50,blizzard-beach/frostbite-freddy
2026-09-05,Frostbite Freddy's Frozen Freshments,Blizzard Beach,Strawberry Daiquiri,Alcoholic Beverages,Bar – Lounge,Don Q Cristal Rum and Lime Juice blended with Strawberry Purée,15.50,blizzard-beach/frostbite-freddy
2026-09-05,Frostbite Freddy's Frozen Freshments,Blizzard Beach,Piña CoLAVA,Alcoholic Beverages,Bar – Lounge,Bacardi Raspberry Rum blended with Piña Colada Mix and Raspberry Purée,18.50,blizzard-beach/frostbite-freddy
2026-09-05,Frostbite Freddy's Frozen Freshments,Blizzard Beach,Black Cherry Lemonade,Alcoholic Beverages,Bar – Lounge,"Three Olives Cherry Vodka, Lemonade, Lime Juice, and Grenadine topped with Sprite®",18.50,blizzard-beach/frostbite-freddy
2026-09-05,Frostbite Freddy's Frozen Freshments,Blizzard Beach,Cold Fashioned,Alcoholic Beverages,Bar – Lounge,"Woodford Reserve Kentucky Straight Bourbon, Citrus and Tea Slushy, and Angostura Bitters",18.50,blizzard-beach/frostbite-freddy
2026-09-05,I.C. Expeditions,Blizzard Beach,Sand Pail Sundae,Ice Cream,Snack,"Vanilla and Chocolate Swirl Soft-serve, Vanilla Cake, Cookies and Cream Crumbles, Hot Fudge, Caramel Sauce, Whipped Cream, M&M'S® Milk Chocolate candies, and a Cherry layered into an exclusive Souvenir Sand Pail Bucket",18.29,blizzard-beach/i-c-expeditions
2026-09-05,I.C. Expeditions,Blizzard Beach,S'mores Churro,Ice Cream,Snack,"Churro Pieces topped with Graham Cracker Crumbs, Marshmallow Whipped Cream, Chocolate Sauce, and Toasted Mini Marshmallows",9.29,blizzard-beach/i-c-expeditions
2026-09-05,I.C. Expeditions,Blizzard Beach,Hand-dipped Mickey's Premium Ice Cream Bar,Ice Cream,Snack,with Chopped Candy Canes,7.99,blizzard-beach/i-c-expeditions
2026-09-05,I.C. Expeditions,Blizzard Beach,Waffle Cone,Ice Cream,Snack,"Vanilla, Chocolate, DOLE Whip® Strawberry, or Swirl",6.29,blizzard-beach/i-c-expeditions
2026-09-05,I.C. Expeditions,Blizzard Beach,Hot Fudge Brownie Sundae,Ice Cream,Snack,"Vanilla Soft-serve with Hot Fudge, Whipped Cream and a Cherry over a Homemade Brownie",7.99,blizzard-beach/i-c-expeditions
2026-09-05,I.C. Expeditions,Blizzard Beach,Strawberry Shortcake,Ice Cream,Snack,"Vanilla Cake, Strawberry Purée, and DOLE Whip® Strawberry and Vanilla Swirl topped with Whipped Cream and a Cherry",7.59,blizzard-beach/i-c-expeditions
2026-09-05,I.C. Expeditions,Blizzard Beach,DASANI® Bottled Water,Beverages,Snack,,4.25,blizzard-beach/i-c-expeditions
2026-09-05,I.C. Expeditions,Blizzard Beach,smartwater®,Beverages,Snack,,6.25,blizzard-beach/i-c-expeditions
2026-09-05,Lottawatta Lodge,Blizzard Beach,Pluto Skeleton Sipper,Souvenir Specialties,Lunch And Dinner,Includes choice of Coca-Cola® Fountain Beverage at time of purchase. Available while supplies last.,18.79,blizzard-beach/lottawatta-lodge
2026-09-05,Lottawatta Lodge,Blizzard Beach,Chicken and Shrimp Rice Bowl,Entrées,Lunch And Dinner,Roasted Chicken and Marinated Shrimp with Stir-fried Vegetables and White Rice,15.79,blizzard-beach/lottawatta-lodge
2026-09-05,Lottawatta Lodge,Blizzard Beach,Rice Bowl with Chicken,Entrées,Lunch And Dinner,"Roasted Chicken, Stir-fried Vegetables, and White Rice topped with Sesame Seeds and Green Onions",15.79,blizzard-beach/lottawatta-lodge
2026-09-05,Lottawatta Lodge,Blizzard Beach,Rice Bowl with Shrimp,Entrées,Lunch And Dinner,"Seasoned Shrimp, Stir-Fried Vegetables, and White Rice topped with Sesame Seeds and Green Onions",15.79,blizzard-beach/lottawatta-lodge
2026-09-05,Lottawatta Lodge,Blizzard Beach,Winter Harvest Salad with Chicken,Entrées,Lunch And Dinner,"Grilled Jalapeño Chicken, Grape Tomatoes, Lettuce Blend, Kale, Red Radishes, Rainbow Carrots, Golden Raisins, Quinoa, and Dates served with Pear Vinaigrette",13.99,blizzard-beach/lottawatta-lodge
2026-09-05,Lottawatta Lodge,Blizzard Beach,Bacon Cheeseburger,Entrées,Lunch And Dinner,"Flame-broiled Angus Burger topped with Bacon, American Cheese, Lettuce, and Tomato on a Brioche Bun served with French Fries",13.29,blizzard-beach/lottawatta-lodge
2026-09-05,Lottawatta Lodge,Blizzard Beach,Buffalo Ranch Chicken Strips,Entrées,Lunch And Dinner,Served with French Fries,12.99,blizzard-beach/lottawatta-lodge
2026-09-05,Lottawatta Lodge,Blizzard Beach,White Cap Flatbread,Entrées,Lunch And Dinner,"Chicken Breast, Bacon, White Sauce, Mozzarella, Red Onion and Tomato",12.49,blizzard-beach/lottawatta-lodge
2026-09-05,Lottawatta Lodge,Blizzard Beach,Cheeseburger,Entrées,Lunch And Dinner,"Flame-broiled Angus Burger topped with American Cheese, Lettuce, and Tomato on a Brioche Bun served with French Fries",11.79,blizzard-beach/lottawatta-lodge
2026-09-05,Lottawatta Lodge,Blizzard Beach,Pepperoni Flatbread,Entrées,Lunch And Dinner,"Topped with Tomato Sauce, Mozzarella, and Pepperoni",11.79,blizzard-beach/lottawatta-lodge
2026-09-05,Lottawatta Lodge,Blizzard Beach,Cheese Flatbread,Entrées,Lunch And Dinner,Topped with Tomato Sauce and Mozzarella,11.29,blizzard-beach/lottawatta-lodge
2026-09-05,Lottawatta Lodge,Blizzard Beach,Chicken Strips,Entrées,Lunch And Dinner,Served with French Fries,10.99,blizzard-beach/lottawatta-lodge
2026-09-05,Lottawatta Lodge,Blizzard Beach,Turkey and Cheddar Sandwich,Entrées,Lunch And Dinner,"Turkey, Cheddar, Lettuce, and Tomato on Whole-Grain Bread with a side of Cranberry Mayonnaise",9.99,blizzard-beach/lottawatta-lodge
2026-09-05,Lottawatta Lodge,Blizzard Beach,Roasted Veggie Wrap,Entrées,Lunch And Dinner,"Portobello Mushrooms, Red Onions, Squash, and Zucchini in a Spinach Tortilla with Iceberg Lettuce and a Cream Cheese Spread",7.79,blizzard-beach/lottawatta-lodge
2026-09-05,Lottawatta Lodge,Blizzard Beach,Hummus Snack Tray,Entrées,Lunch And Dinner,"Red Pepper Hummus with Carrots, Celery, Pretzels, and Mini Pita Bread",7.29,blizzard-beach/lottawatta-lodge
2026-09-05,Lottawatta Lodge,Blizzard Beach,Impossible® Burger,Plant-Based,Lunch And Dinner,"Topped with Plant-based Chipotle Mayonnaise, Lettuce, and Tomato served with House-made Chips",13.99,blizzard-beach/lottawatta-lodge
2026-09-05,Lottawatta Lodge,Blizzard Beach,Winter Harvest Salad,Plant-Based,Lunch And Dinner,"Grape Tomatoes, Lettuce Blend, Kale, Red Radishes, Rainbow Carrots, Golden Raisins, Quinoa, and Dates served with Pear Vinaigrette",11.99,blizzard-beach/lottawatta-lodge
2026-09-05,Lottawatta Lodge,Blizzard Beach,French Fries,Sides,Lunch And Dinner,,5.49,blizzard-beach/lottawatta-lodge
2026-09-05,Lottawatta Lodge,Blizzard Beach,Turkey Sandwich Kid's Pack,Kid's Disney Check Meals,Lunch And Dinner,Sliced Roasted Turkey Breast and Cheddar on Honey-Wheat Bread with Apple Chips and Grape Tomatoes served with choice of Small Lowfat Milk or Small DASANI® Bottled Water,8.29,blizzard-beach/lottawatta-lodge
2026-09-05,Lottawatta Lodge,Blizzard Beach,Rice Bowl with Chicken and Vegetables,Kid's Disney Check Meals,Lunch And Dinner,Served with a choice of Small Lowfat Milk or Small DASANI® Bottled Water. Meets Disney Nutrition Guidelines for Complete Meals without Substitutions.,8.49,blizzard-beach/lottawatta-lodge
2026-09-05,Lottawatta Lodge,Blizzard Beach,Chicken Strips (2 Strips),Kid's Meals,Lunch And Dinner,Served with choice of two Sides and choice of Small Lowfat Milk or Small DASANI® Bottled Water,8.99,blizzard-beach/lottawatta-lodge
2026-09-05,Lottawatta Lodge,Blizzard Beach,Ice Gator Cookie,Dessert,Lunch And Dinner,,4.99,blizzard-beach/lottawatta-lodge
2026-09-05,Lottawatta Lodge,Blizzard Beach,Chocolate Chip Cookie,Dessert,Lunch And Dinner,,4.79,blizzard-beach/lottawatta-lodge
2026-09-05,Lottawatta Lodge,Blizzard Beach,smartwater®,Beverages,Lunch And Dinner,,6.25,blizzard-beach/lottawatta-lodge
2026-09-05,Lottawatta Lodge,Blizzard Beach,Large Joffrey's™ Cold Brew Coffee with Sweet Cream,Beverages,Lunch And Dinner,,6.49,blizzard-beach/lottawatta-lodge
2026-09-05,Lottawatta Lodge,Blizzard Beach,Joffrey's™ Cold Brew Coffee with Sweet Cream,Beverages,Lunch And Dinner,,5.99,blizzard-beach/lottawatta-lodge
2026-09-05,Lottawatta Lodge,Blizzard Beach,Large Freshly Brewed Joffrey's Coffee™ Regular,Beverages,Lunch And Dinner,,5.19,blizzard-beach/lottawatta-lodge
2026-09-05,Lottawatta Lodge,Blizzard Beach,Large Freshly Brewed Joffrey's Coffee™ Decaf,Beverages,Lunch And Dinner,,5.19,blizzard-beach/lottawatta-lodge
2026-09-05,Lottawatta Lodge,Blizzard Beach,Large Twinings® Hot Tea,Beverages,Lunch And Dinner,,5.19,blizzard-beach/lottawatta-lodge
2026-09-05,Lottawatta Lodge,Blizzard Beach,Frozen Minute Maid® Blue Raspberry Lemonade,Beverages,Lunch And Dinner,,6.29,blizzard-beach/lottawatta-lodge
2026-09-05,Lottawatta Lodge,Blizzard Beach,Assorted Fountain Beverages,Beverages,Lunch And Dinner,Assorted Coca-Cola® Offerings,4.49,blizzard-beach/lottawatta-lodge
2026-09-05,Lottawatta Lodge,Blizzard Beach,DASANI® Bottled Water,Beverages,Lunch And Dinner,,4.25,blizzard-beach/lottawatta-lodge
2026-09-05,Lottawatta Lodge,Blizzard Beach,Chocolate Milk,Milk,Lunch And Dinner,,4.49,blizzard-beach/lottawatta-lodge
2026-09-05,Lottawatta Lodge,Blizzard Beach,Lowfat Milk,Milk,Lunch And Dinner,,2.29,blizzard-beach/lottawatta-lodge
2026-09-05,Lottawatta Lodge,Blizzard Beach,Simply® Orange,Juice,Lunch And Dinner,,5.59,blizzard-beach/lottawatta-lodge
2026-09-05,Lottawatta Lodge,Blizzard Beach,Minute Maid® Apple Juice,Juice,Lunch And Dinner,,2.29,blizzard-beach/lottawatta-lodge
2026-09-05,Lottawatta Lodge,Blizzard Beach,"Bud Light Lager - St. Louis, MO with a Souvenir Cup",Beer,Lunch And Dinner,"20-oz Draft - Golden-colored with flavors that are dry, clean, crisp, and refreshing with subtle bitterness. Additional refills are available at the Register",13.50,blizzard-beach/lottawatta-lodge
2026-09-05,Lottawatta Lodge,Blizzard Beach,"Yuengling Traditional Lager – Pottsville, PA with a Souvenir Cup",Beer,Lunch And Dinner,20-oz Draft - Fuller flavored with a higher malt presence than Pale Lagers. Additional refills are available at the Register,13.50,blizzard-beach/lottawatta-lodge
2026-09-05,Lottawatta Lodge,Blizzard Beach,Crooked Can High Stepper IPA,Beer,Lunch And Dinner,"Citrus ale, full-flavored, clean finish",12.25,blizzard-beach/lottawatta-lodge
2026-09-05,Lottawatta Lodge,Blizzard Beach,Athletic Brewing Co Upside Dawn Golden,Beer,Lunch And Dinner,Earthy and spicy notes balanced with citrusy aromas,8.25,blizzard-beach/lottawatta-lodge
2026-09-05,Lottawatta Lodge,Blizzard Beach,Winter Paloma,Beverages with Alcohol,Lunch And Dinner,"Patrón Silver Tequila, Cranberry Juice, Pomegranate Juice, and a splash of Seagram's®",17.50,blizzard-beach/lottawatta-lodge
2026-09-05,Lottawatta Lodge,Blizzard Beach,Piña CoLAVA,Beverages with Alcohol,Lunch And Dinner,"Bacardi Superior Rum blended with Piña Colada Mix, and Raspberry Purée",18.50,blizzard-beach/lottawatta-lodge
2026-09-05,Lottawatta Lodge,Blizzard Beach,High Noon Pineapple Vodka Hard Seltzer,Beverages with Alcohol,Lunch And Dinner,Vodka and Soda with flavors of Pineapple,12.75,blizzard-beach/lottawatta-lodge
2026-09-05,Lottawatta Lodge,Blizzard Beach,RAMONA Meyer Lemon Wine Spritz,Beverages with Alcohol,Lunch And Dinner,Lightly sparkling Sicilian Wine mixed with Organic Lemon Juice,11.75,blizzard-beach/lottawatta-lodge
2026-09-05,Lottawatta Lodge,Blizzard Beach,RAMONA Blood Orange Wine Spritz,Beverages with Alcohol,Lunch And Dinner,Lightly sparkling Sicilian Wine mixed with Organic Blood Orange Juice,11.75,blizzard-beach/lottawatta-lodge
2026-09-05,Lottawatta Lodge,Blizzard Beach,RAMONA Ruby Grapefruit Wine Spritz,Beverages with Alcohol,Lunch And Dinner,Lightly sparkling Sicilian wine made with Zibibbo grapes mixed with ruby grapefruit juice,11.75,blizzard-beach/lottawatta-lodge
2026-09-05,Polar Pub,Blizzard Beach,Grand Margarita,Rocks,Bar – Lounge,"Jose Cuervo Gold Tequila, Grand Marnier, Lime Juice and Sweet-and-Sour",18.50,blizzard-beach/polar-pub
2026-09-05,Polar Pub,Blizzard Beach,Grapefruit Margarita,Rocks,Bar – Lounge,"Patrón Silver Tequila, Cointreau and Ruby Red Grapefruit Juice",18.50,blizzard-beach/polar-pub
2026-09-05,Polar Pub,Blizzard Beach,Rum Runner,Rocks,Bar – Lounge,"Don Q Cristal Rum, Blackberry Brandy, Crème de Banana and Tropical Juices topped with a float of Plantation Original Dark Rum",17.50,blizzard-beach/polar-pub
2026-09-05,Polar Pub,Blizzard Beach,Banana Cabana,Rocks,Bar – Lounge,"Cruzan Mango Rum, Parrot Bay Coconut Rum and Bols Crème de Banana with Orange and Pineapple Juice and a float of Grenadine",17.50,blizzard-beach/polar-pub
2026-09-05,Polar Pub,Blizzard Beach,Strawberry Daiquiri,Frozen Beverages,Bar – Lounge,Don Q Cristal Rum and Lime Juice blended with Strawberry Purée,15.50,blizzard-beach/polar-pub
2026-09-05,Polar Pub,Blizzard Beach,Piña CoLAVA,Frozen Beverages,Bar – Lounge,Bacardi Raspberry Rum blended with Piña Colada Mix and Raspberry Purée,18.50,blizzard-beach/polar-pub
2026-09-05,Polar Pub,Blizzard Beach,Black Cherry Lemonade,Frozen Beverages,Bar – Lounge,"Three Olives Cherry Vodka, Minute Maid® Premium Lemonade, Lime Juice and Grenadine topped with Sprite®",18.50,blizzard-beach/polar-pub
2026-09-05,Polar Pub,Blizzard Beach,Cold Fashioned,Frozen Beverages,Bar – Lounge,"Woodford Reserve Kentucky Straight Bourbon, Citrus and Tea Slushy, and Angostura Bitters",18.50,blizzard-beach/polar-pub
2026-09-05,Polar Pub,Blizzard Beach,Premium and Craft Beer,Draft Beer Specials,Bar – Lounge,with a Souvenir Cup. Same-day Refills 9.25,15.50,blizzard-beach/polar-pub
2026-09-05,Polar Pub,Blizzard Beach,Domestic Beer,Draft Beer Specials,Bar – Lounge,with a Souvenir Cup. Same-day Refills 8.25,13.50,blizzard-beach/polar-pub
2026-09-05,Polar Pub,Blizzard Beach,DASANI® Bottled Water,Non-Alcoholic Beverages,Bar – Lounge,,4.25,blizzard-beach/polar-pub
2026-09-05,Warming Hut,Blizzard Beach,Winter Harvest Salad with Chicken,Entrées,Snack,"Grilled Jalapeño Chicken, Grape Tomatoes, Lettuce Blend, Kale, Red Radishes, Rainbow Carrots, Golden Raisins, Quinoa, and Dates served with Pear Vinaigrette",13.99,blizzard-beach/warming-hut
2026-09-05,Warming Hut,Blizzard Beach,BBQ Pork Sandwich,Entrées,Snack,BBQ Pork with Onion Straws and House-made Pickles served with Potato Barrels,12.49,blizzard-beach/warming-hut
2026-09-05,Warming Hut,Blizzard Beach,Elote Nachos with Pork,Entrées,Snack,"Roasted Pork, Elote Cheese Sauce, Guacamole, Sour Cream, Roasted Corn, Jalapeños, and Pico de Gallo",12.99,blizzard-beach/warming-hut
2026-09-05,Warming Hut,Blizzard Beach,Winter Harvest Salad,Entrées,Snack,"Grape Tomatoes, Lettuce Blend, Kale, Red Radishes, Rainbow Carrots, Golden Raisins, Quinoa, and Dates served with Pear Vinaigrette",11.99,blizzard-beach/warming-hut
2026-09-05,Warming Hut,Blizzard Beach,Turkey and Cheddar Sandwich,Entrées,Snack,"Turkey, Cheddar, Lettuce, and Tomato on Whole-Grain Bread with a side of Cranberry Mayonnaise",9.99,blizzard-beach/warming-hut
2026-09-05,Warming Hut,Blizzard Beach,Roasted Veggie Wrap,Entrées,Snack,"Portobello Mushrooms, Red Onions, Squash, and Zucchini in a Spinach Tortilla with Iceberg Lettuce and a Cream Cheese Spread",7.79,blizzard-beach/warming-hut
2026-09-05,Warming Hut,Blizzard Beach,Hummus Snack Tray,Entrées,Snack,"Red Pepper Hummus with Carrots, Celery, Pretzels, and Mini Pita Bread",7.29,blizzard-beach/warming-hut
2026-09-05,Warming Hut,Blizzard Beach,Fruit Cup,Snacks,Snack,,4.29,blizzard-beach/warming-hut
2026-09-05,Warming Hut,Blizzard Beach,Chocolate Chip Cookie,Snacks,Snack,,4.79,blizzard-beach/warming-hut
2026-09-05,Warming Hut,Blizzard Beach,Turkey Sandwich Kid's Pack,Kids' Meals,Snack,Sliced Roasted Turkey Breast and Cheddar on Honey-Wheat Bread with Apple Chips and Grape Tomatoes served with choice of Small Lowfat Milk or Small DASANI® Bottled Water,7.79,blizzard-beach/warming-hut
2026-09-05,Warming Hut,Blizzard Beach,smartwater®,Beverages,Snack,,6.25,blizzard-beach/warming-hut
2026-09-05,Warming Hut,Blizzard Beach,Hot Cocoa by Joffrey’s™,Beverages,Snack,,4.29,blizzard-beach/warming-hut
2026-09-05,Warming Hut,Blizzard Beach,Assorted Fountain Beverages,Beverages,Snack,Assorted Coca-Cola® Offerings,4.79,blizzard-beach/warming-hut
2026-09-05,Warming Hut,Blizzard Beach,DASANI® Bottled Water,Beverages,Snack,,4.25,blizzard-beach/warming-hut
2026-09-05,Warming Hut,Blizzard Beach,Crooked Can High Stepper IPA,Beer,Snack,"Citrus ale, full-flavored, clean finish",12.25,blizzard-beach/warming-hut
2026-09-05,Warming Hut,Blizzard Beach,"Blue Moon Belgian White Ale - Golden, CO",Beer,Snack,16-oz Can - Easy and refreshing with light notes of citrus and spice with low bitterness,10.25,blizzard-beach/warming-hut
